 Start Date, Class, Hedge Type, Number Of Hours, Bid MW, Bid Price,Bid MWHs,Bid MWHs Bid Price, Awarded Mw, Clearing Price,Awarded MWHs,Awarded MWHs Clearing Price,Weighted Avg Bid Price,Weighted Avg Clear Price,Auction
1/1/2019,BUY,OBL,8390168,195334.5,-4691708.49,49998421.6,-731939833.5,49511.8,31080.4586,12601149.6,7697408.401,0.610849696,-14.6392588,2019_01_JAN
1/1/2019,BUY,OPT,40975920,1839331.7,82888.7,459536362.4,103768680.7,63993.5,402220.276,15616128.8,8204662.854,0.52539672,0.225811686,2019_01_JAN
1/1/2019,SELL,OBL,789576,15730.4,21622.33,3902491.2,12010083.12,2382.5,1547.354185,590745.6,312655.0796,0.529255029,3.077542653,2019_01_JAN
1/1/2019,SELL,OPT,5244200,113535,86422.18,27824504,47042060.08,22311.9,23454.51863,5443776,4733279.64,0.869484644,1.690670212,2019_01_JAN
2/1/2019,BUY,OBL,8409376,196776.8,-4693490.98,45728790.4,-757299730.4,39491.2,41643.83569,9067251.2,3586484.671,0.395542661,-16.56067707,2019_02_FEB
2/1/2019,BUY,OPT,36374176,1979594.2,89922.1,443378988.8,90708220.16,61017.8,425036.486,13663686.4,5904923.957,0.432161847,0.204583939,2019_02_FEB
2/1/2019,SELL,OBL,739072,16779.3,21800.73,3765436.8,10199156.35,4058.1,2639.268129,923385.6,1488668.309,1.612184887,2.708625026,2019_02_FEB
2/1/2019,SELL,OPT,5037280,114426.9,78919.91,25534876.8,35300960.93,21760.8,29450.91127,4790294.4,3764420.157,0.785843174,1.382460593,2019_02_FEB
3/1/2019,BUY,OBL,10155284,199412.4,-4576787.84,50639864.9,-805710745.1,44348.1,51520.4727,11069661.2,4066702.406,0.367373701,-15.91060218,2019_03_MAR
3/1/2019,BUY,OPT,44265502,1904401.8,104892.51,471547437.3,97494819.16,60789.3,483947.9428,15158399,7442882.023,0.491007132,0.206755061,2019_03_MAR
3/1/2019,SELL,OBL,737693,20721.1,21183.8,5085209.9,11506005.98,5188.5,3026.45417,1277574,1552275.611,1.21501816,2.262641308,2019_03_MAR
3/1/2019,SELL,OPT,5483912,110107.3,65249.61,27200467.1,36944269.73,26221.3,26766.50498,6426210.9,5580136.646,0.868340105,1.358221886,2019_03_MAR
4/1/2019,BUY,OBL,12115376,204471.6,-4755491.77,50668467.2,-779997511.2,41194.8,29500.25637,10082662.4,4036826.636,0.400373084,-15.39414066,2019_04_APR
4/1/2019,BUY,OPT,40907152,1956009.5,121356.51,463272076.8,118788651.5,60830.9,643118.4775,14618769.6,8701285.89,0.595213286,0.256412284,2019_04_APR
4/1/2019,SELL,OBL,712816,17793.6,23725.36,4264483.2,14397363.09,3921.4,4765.317293,936824,1987331.323,2.121349712,3.376109698,2019_04_APR
4/1/2019,SELL,OPT,5221680,106365.8,89491.87,25536864,42982454.83,28906.4,36603.52989,6952174.4,5802336.307,0.834607415,1.683153219,2019_04_APR
5/1/2019,BUY,OBL,12933448,209503.3,-3516247.58,53430945.6,-507780468.8,48052.6,20076.32274,12173425.6,5588527.329,0.459075983,-9.503490217,2019_05_MAY
5/1/2019,BUY,OPT,43283976,1924196.7,117360.64,472134400.8,129958545.4,59565.3,618251.611,14761066.4,8861011.451,0.600296158,0.275257522,2019_05_MAY
5/1/2019,SELL,OBL,681872,16828.9,21999.35,4070420,13438487.45,3398,3232.088462,825128,1833035.778,2.221516877,3.301498973,2019_05_MAY
5/1/2019,SELL,OPT,5388920,107922.3,80187.22,26524760.8,40327581.18,21497.9,29143.26151,5225867.2,6559904.606,1.255275795,1.520374924,2019_05_MAY
6/1/2019,BUY,OBL,12600560,218595.8,-5083095.85,53748720,-512098668.3,65198.7,-8272.162569,15740280,10182581.65,0.646912358,-9.527643976,2019_06_JUN
6/1/2019,BUY,OPT,42058000,1960164.5,142292.3,470681848,143132511.1,79424.6,718479.9601,19100048,10718965.66,0.56120098,0.304096093,2019_06_JUN
6/1/2019,SELL,OBL,687120,15975.5,22295.89,3848632,13092983.04,3150.5,2885.13745,763728,1448801.938,1.897012992,3.401983624,2019_06_JUN
6/1/2019,SELL,OPT,4624640,110640.8,56485.35,26389144,38445953.52,23433,27890.21598,5610008,6343359.433,1.130721994,1.456885207,2019_06_JUN
7/1/2019,BUY,OBL,11413344,203991.8,-2087610.34,52227820.8,-477030625.1,50137.4,11499.14145,12626454.4,5096254.349,0.403617214,-9.133649801,2019_07_JUL
7/1/2019,BUY,OPT,42829928,1977925.7,139446.7,488505030.4,138439908.7,79910,769786.2951,19795080.8,10721543.39,0.541626654,0.283395052,2019_07_JUL
7/1/2019,SELL,OBL,602632,10082.1,8785.14,2542324.8,5902789.584,2543.2,1363.277834,628082.4,794945.93,1.265671399,2.321807813,2019_07_JUL
7/1/2019,SELL,OPT,4359248,94616.8,51823.29,23348288.8,31097727.62,16731.5,32197.40999,4123942.4,5309601.344,1.287506184,1.331906072,2019_07_JUL
8/1/2019,BUY,OBL,10143336,193914.5,-2081951.45,49347303.2,-493376157.5,49583.6,3241.354967,12506386.4,5479097.049,0.438103931,-9.998036884,2019_08_AUG
8/1/2019,BUY,OPT,38410072,1941375,89458.56,478184958.4,107718442.6,74614.5,564628.0611,18414924.8,8889034.427,0.482708158,0.225265226,2019_08_AUG
8/1/2019,SELL,OBL,600984,9599.1,3923.89,2415344,2604839.144,2727.6,1346.507711,672087.2,1257789.861,1.871468257,1.078454723,2019_08_AUG
8/1/2019,SELL,OPT,4093864,97203,32960.27,23806564,22387800.18,17451,19602.36072,4267070.4,6362619.936,1.491097952,0.940404511,2019_08_AUG
9/1/2019,BUY,OBL,12738480,228647.9,-210683.8,56415680,-39831063.44,48688.8,9380.709133,11983520,3587397.569,0.29936092,-0.706028243,2019_09_SEP
9/1/2019,BUY,OPT,33856720,1891129.4,80125.32,457309624,103938545.5,71138.5,508190.128,17202312,8299763.085,0.482479511,0.227282655,2019_09_SEP
9/1/2019,SELL,OBL,431920,7352.7,7130.83,1780976,5385454.08,1788.9,1953.272788,426088,832579.3218,1.954007909,3.023877964,2019_09_SEP
9/1/2019,SELL,OPT,4437840,110074.4,39316.31,26227720,29254110.4,27966.4,21480.03897,6667096,6790508.203,1.018510638,1.115389001,2019_09_SEP
10/1/2019,BUY,OBL,18886896,262348.7,-7060826.23,67932817.6,-623658894,51303.1,56386.70308,13178136.8,3905908.415,0.296393069,-9.180524466,2019_10_OCT
10/1/2019,BUY,OPT,36612488,1765089.4,90538.75,429951687.2,109230124.1,73193.6,516334.3533,18479480.8,7219521.643,0.390677732,0.254052089,2019_10_OCT
10/1/2019,SELL,OBL,453704,9953.7,7882.77,2498025.6,8874887.36,2294.6,3113.085935,558992.8,1348023.676,2.411522431,3.552760772,2019_10_OCT
10/1/2019,SELL,OPT,4764008,109851.9,41453.44,27094219.2,30722807.52,25604.5,21981.38535,6299048,6755255.784,1.072424878,1.133924816,2019_10_OCT
11/1/2019,BUY,OBL,17755461,240258.9,-5616817.59,59593407.9,-562379075.3,50293.2,47196.07563,12564034.6,6113034.171,0.48655025,-9.436934304,2019_11_NOV
11/1/2019,BUY,OPT,42335235,1946643.2,143794.77,476836898.8,146871338.4,66556.4,788864.2189,15909486.2,8248892.854,0.518488954,0.308011689,2019_11_NOV
11/1/2019,SELL,OBL,553345,10515.2,9662.56,2571327,10722036.92,2098.8,4213.563996,499223.6,1295477.561,2.594984613,4.169845734,2019_11_NOV
11/1/2019,SELL,OPT,4597755,105218.3,60251.85,25282105.7,39647727.4,23468.3,28234.05399,5629182.8,7956346.194,1.413410521,1.568213023,2019_11_NOV
12/1/2019,BUY,OBL,16060128,231308.6,-3070448.29,58861008,-503477666.7,47549.8,127852.3737,12295587.2,5370499.321,0.436782663,-8.553670483,2019_12_DEC
12/1/2019,BUY,OPT,40937720,1973012.7,141845.56,495171056,161885313.5,70092.7,902746.3522,17514505.6,9908306.791,0.565720039,0.326928062,2019_12_DEC
12/1/2019,SELL,OBL,563160,12635.7,9529.54,3126490.4,15704644.33,3481.3,4927.102278,835387.2,2500330.181,2.993019502,5.023090532,2019_12_DEC
12/1/2019,SELL,OPT,4414792,102114.9,58671.94,25394613.6,40060467.03,26831.2,36634.8915,6683371.2,8404067.05,1.257459267,1.577518275,2019_12_DEC
1/1/2020,BUY,OBL,15146056,200016.2,-5449742.33,50566059.2,-575971656.3,44659.1,37687.1929,11357036.8,5170106.489,0.455233753,-11.39047941,2020_01_JAN
1/1/2020,BUY,OPT,39183440,2433357.4,188161.81,638899382.4,214961003.1,72660,1193585.607,17850357.6,16057889.66,0.89958364,0.336455174,2020_01_JAN
1/1/2020,SELL,OBL,682488,9536.1,13951.35,2365504,7842148.176,1903,3307.645649,462844,477720.0425,1.032140511,3.315212393,2020_01_JAN
1/1/2020,SELL,OPT,6667336,111455.6,140454.66,27734599.2,74202174.62,26678.3,59257.47851,6665972,6907490.68,1.036231577,2.675437063,2020_01_JAN
2/1/2020,BUY,OBL,14612632,260039.8,-2885690.25,60474451.2,-485234956.2,46764.9,-9368.193629,10969884.8,11765760.99,1.072551007,-8.023800903,2020_02_FEB
2/1/2020,BUY,OPT,36288440,2578346.6,123837.43,641073084.8,170313991.5,72043.8,790423.99,16336553.6,11030626.42,0.67521135,0.265670164,2020_02_FEB
2/1/2020,SELL,OBL,816056,11807.4,43917.65,2738621.6,9837515.544,2559.8,4331.47509,600192,682448.1591,1.137049743,3.592141223,2020_02_FEB
2/1/2020,SELL,OPT,6468400,111194.1,95519.01,26035722.4,46901928.48,29140.6,46413.8625,6674616.8,7772340.709,1.164462462,1.801445251,2020_02_FEB
3/1/2020,BUY,OBL,14432362,229521,-2220461.35,58367814.4,-492338812.4,55017.3,145926.9828,13846615.3,17659685.24,1.275379207,-8.435107901,2020_03_MAR
3/1/2020,BUY,OPT,40039656,2400972.5,181788.11,641312698.8,187454596,79002,1105016.802,19340775.9,12098136.99,0.625524904,0.292298276,2020_03_MAR
3/1/2020,SELL,OBL,761251,11810.3,39664.87,2914842.3,7468234.639,3687.1,1556.607542,907615.2,876428.227,0.965638551,2.562140202,2020_03_MAR
3/1/2020,SELL,OPT,6173043,106498.6,105161.74,26607032.5,55222378.96,24994.6,57284.1806,6130419.9,7452840.4,1.215714506,2.075480569,2020_03_MAR
4/1/2020,BUY,OBL,17127552,233914,-4288448.61,57672561.6,-562532460.4,52990.4,70939.04829,12993932.8,21455617.02,1.651202707,-9.753901072,2020_04_APR
4/1/2020,BUY,OPT,35023072,1920721.1,250879.9,455594835.2,192962635.6,80440.8,1057592.32,19086540.8,17344399.83,0.908724111,0.423539998,2020_04_APR
4/1/2020,SELL,OBL,753472,11906.5,41012.63,2843593.6,9257572.576,2453.4,1256.704448,581816,714075.7614,1.227322317,3.255589187,2020_04_APR
4/1/2020,SELL,OPT,5845952,106835.6,118413.48,26031502.4,59162875.68,27521.7,71155.26457,6588284.8,14425126.95,2.189511746,2.272741495,2020_04_APR
5/1/2020,BUY,OBL,17178736,236541.5,-3847188.33,59916164.8,-582883831.9,60881.2,59299.69951,15234970.4,10136046.36,0.665314477,-9.728323465,2020_05_MAY
5/1/2020,BUY,OPT,37247152,1879787.6,86813.27,475103444.8,117932975.1,85129.8,481616.6898,21265795.2,10773696.21,0.506620895,0.248225889,2020_05_MAY
5/1/2020,SELL,OBL,716464,9407.7,40485.99,2298384,8036634.856,2471.1,2187.887789,600571.2,1014826.335,1.689768565,3.496645842,2020_05_MAY
5/1/2020,SELL,OPT,5543736,102461.9,50772.01,25513698.4,35371274.43,25494.9,20014.47515,6356308.8,6940546.294,1.091914586,1.386364057,2020_05_MAY
6/1/2020,BUY,OBL,18557616,268225.1,-2299851.31,66404326.4,-541559526,68457.5,23944.19331,16497638.4,8523666.137,0.516659775,-8.155485573,2020_06_JUN
6/1/2020,BUY,OPT,35206592,1959152.2,72332.83,461709347.2,112156396.6,83807.6,365244.068,20109344,10420986.17,0.518216117,0.242915586,2020_06_JUN
6/1/2020,SELL,OBL,734800,10557.1,40201.45,2531676.8,8026899.952,2162.3,2986.366265,488084.8,870779.1048,1.784073392,3.170586369,2020_06_JUN
6/1/2020,SELL,OPT,5155392,101304.5,38743.3,24639246.4,28064164.77,26930.2,13544.57058,6433377.6,4047849.702,0.629195106,1.139002562,2020_06_JUN
7/1/2020,BUY,OBL,17892040,254837.7,-2213823.92,66092469.6,-548063431.4,64082.3,10304.69136,16403538.4,6149157.283,0.374867735,-8.292373317,2020_07_JUL
7/1/2020,BUY,OPT,27738376,1679052.4,40369.31,407006763.2,75931373.38,76215.2,206760.8668,18687037.6,6518487.759,0.34882403,0.186560471,2020_07_JUL
7/1/2020,SELL,OBL,679192,10822.7,6724.07,2699545.6,5733098.272,2269.9,-1504.18661,574983.2,358775.8916,0.623976303,2.123727146,2020_07_JUL
7/1/2020,SELL,OPT,6651704,110042.7,1004425.01,27430473.6,56309850.58,28351,12332.41288,7052516,4297463.798,0.609351868,2.052820939,2020_07_JUL
8/1/2020,BUY,OBL,18263520,268384.9,-3713655.73,68368550.4,-588379971.8,69058.6,40279.27963,17572085.6,5894036.759,0.335420444,-8.606003321,2020_08_AUG
8/1/2020,BUY,OPT,28457024,1714649.4,43062.57,421085558.4,81662323.31,81429.9,238724.5595,20009032,7098602.475,0.35476991,0.193932852,2020_08_AUG
8/1/2020,SELL,OBL,702736,11222.2,7080.08,2805563.2,5874088.152,2257.4,863.905922,569374.4,69654.8239,0.122335714,2.093728686,2020_08_AUG
8/1/2020,SELL,OPT,6050376,102846,1132394.58,25433340,56566771,27663.6,13442.91566,6802211.2,3841849.59,0.564794223,2.224118853,2020_08_AUG
9/1/2020,BUY,OBL,14895984,251441.6,-2235835.85,62086492.8,-534368351.8,62143,45658.36557,15229872,5473088.221,0.359365346,-8.606837457,2020_09_SEP
9/1/2020,BUY,OPT,32613072,1839228.5,81315.83,435319310.4,103165052.8,103960.6,369073.0133,24913555.2,8856233.158,0.355478497,0.236987081,2020_09_SEP
9/1/2020,SELL,OBL,570000,10329.3,8295.04,2549918.4,7087545.12,2463.5,2472.649459,609787.2,716802.3456,1.175495887,2.779518403,2020_09_SEP
9/1/2020,SELL,OPT,6434688,109789.3,1186990.05,26434094.4,65018269.68,35576.2,25841.68965,8607724.8,7741401.285,0.89935511,2.459636736,2020_09_SEP
10/1/2020,BUY,OBL,16553736,284339.9,-2231246.96,72852156,-560362277.7,64986.1,85672.02,16285989.6,5595973.054,0.343606572,-7.691773428,2020_10_OCT
10/1/2020,BUY,OPT,37209400,2040522.2,99870.06,498954594.4,121376946.4,90125.7,475640.6522,22694124,9834700.169,0.43335888,0.243262509,2020_10_OCT
10/1/2020,SELL,OBL,631056,12733.6,12224.82,3212501.6,18125073.88,2811.2,4535.854393,697583.2,1058551.363,1.517455357,5.642043534,2020_10_OCT
10/1/2020,SELL,OPT,7260240,117683.4,3604024.34,29418183.2,129071501.8,36974,32278.83917,9291627.2,8820718.207,0.949318996,4.38747359,2020_10_OCT
11/1/2020,BUY,OBL,11989189,253595.1,-6737104.55,61379367.1,-645724291.1,64101.9,59762.46838,15701949.7,7785579.189,0.495835188,-10.52021749,2020_11_NOV
11/1/2020,BUY,OPT,37017785,2224928.6,92964.71,533595453.6,123996157.8,95624.6,454572.2693,22837132.6,9906230.98,0.433777355,0.232378587,2020_11_NOV
11/1/2020,SELL,OBL,671585,13866.8,11975.56,3382682.4,13500248.52,3656,5074.176414,899685.5,2160471.07,2.401362554,3.990989079,2020_11_NOV
11/1/2020,SELL,OPT,6853946,118083.5,3639826.56,28644818.8,125829224.3,41772.9,29197.63585,10072879,10571232.84,1.049474817,4.392739406,2020_11_NOV
12/1/2020,BUY,OBL,12250376,229812,-2275720.67,57428512,-564587047.6,60266.7,36295.12646,15169793.6,5089358.95,0.33549296,-9.831127918,2020_12_DEC
12/1/2020,BUY,OPT,36177784,2045459.9,74053.94,500280200.8,115178245.6,103409.3,356090.4983,25589596,11056295.97,0.432062154,0.230227471,2020_12_DEC
12/1/2020,SELL,OBL,637864,11662.4,10534.99,2903517.6,11089420.02,2806.4,3009.264075,673481.6,1007430.542,1.495854589,3.819305251,2020_12_DEC
12/1/2020,SELL,OPT,7575000,118117.1,3624188.08,29834288,120218235.3,39384,23259.10235,9964676,9374546.123,0.940777816,4.029532572,2020_12_DEC
1/1/2021,BUY,OBL,12951312,226208.5,-6674371.95,56076898.4,-636076465.5,57773.8,54952.77359,14120160.8,9045955.561,0.640641115,-11.34293236,2021_01_JAN
1/1/2021,BUY,OPT,40077944,2241127.5,104826.79,557969880,147394986.5,89586.1,433306.8145,22133019.2,12337491.84,0.557424711,0.26416298,2021_01_JAN
1/1/2021,SELL,OBL,935912,11970.5,13302.13,3026644,7290562.872,3333.7,4704.080216,844750.4,758672.1874,0.898102194,2.408794319,2021_01_JAN
1/1/2021,SELL,OPT,8931136,144049.3,3712633.09,35874915.2,142093329.8,45895.3,41524.37488,11493893.6,10231527.17,0.890170688,3.960799044,2021_01_JAN
2/1/2021,BUY,OBL,13425376,246584.4,-2187049.6,56401564.8,-483594599.6,57169.9,45538.06762,12808284.8,6378144.379,0.497970218,-8.574134446,2021_02_FEB
2/1/2021,BUY,OPT,35658592,2238981,90330.49,499071398.4,118487290.8,85423.2,367802.8631,19317724.8,12934642.81,0.669573821,0.23741551,2021_02_FEB
2/1/2021,SELL,OBL,817760,11953.3,11877.58,2750230.4,4334091.232,4102.2,4148.224745,986880,808479.6891,0.81922796,1.575901143,2021_02_FEB
2/1/2021,SELL,OPT,7531520,132347,3624777.21,29712860.8,114273769.3,46921.1,26880.00963,10635020.8,6749599.363,0.634657843,3.84593628,2021_02_FEB
3/1/2021,BUY,OBL,15921885,226807.4,-5198847.59,57684311.5,-598536426.3,57672.8,47324.15522,14386416.2,7540491.24,0.524139656,-10.37606952,2021_03_MAR
3/1/2021,BUY,OPT,40612567,2191213.7,93530.31,527760251.1,137966165.3,95364.6,368969.4042,23695080,14721846.56,0.62130394,0.261418258,2021_03_MAR
3/1/2021,SELL,OBL,930731,16258,10947.63,4105858.6,6873846.235,4434.4,3467.569474,1068341,919231.5875,0.860429009,1.674155616,2021_03_MAR
3/1/2021,SELL,OPT,8250483,127685.8,3538474.67,31862433.6,123063451.5,38763.6,25651.12052,9790031.7,7494553.127,0.765528995,3.862336853,2021_03_MAR
4/1/2021,BUY,OBL,12141040,181292.7,-2189341.39,44391464,-505216527.1,47051,41838.37386,11303664,8867707.971,0.784498546,-11.38093862,2021_04_APR
4/1/2021,BUY,OPT,36912592,1875819.6,89660.41,441956001.6,118658022.8,74626.8,416649.3679,17903622.4,10116338.31,0.565044218,0.268483791,2021_04_APR
4/1/2021,SELL,OBL,937712,16757.9,12356.76,4133728,5720321.904,7196,3110.707542,1775390.4,1300843.986,0.732708697,1.383816716,2021_04_APR
4/1/2021,SELL,OPT,7517072,115582.9,3512144.14,28055377.6,123379247,42148,26820.90838,10272163.2,7749434.484,0.754411153,4.397704025,2021_04_APR
5/1/2021,BUY,OBL,13129896,221726.3,-78459.32,55649536,-369797.224,57644.5,60453.03067,14153456,10533271.5,0.744219044,-0.006645109,2021_05_MAY
5/1/2021,BUY,OPT,30578904,1150566.7,90540.58,287829545.6,108056321.8,87350.1,397143.4084,21695527.2,10906441.62,0.502704614,0.375417755,2021_05_MAY
5/1/2021,SELL,OBL,927976,13773.9,9401.27,3477256.8,4813354.24,4956.7,1239.837031,1263461.6,1277516.252,1.011123925,1.384238932,2021_05_MAY
5/1/2021,SELL,OPT,8535456,122412,3351115.09,30484773.6,111390533.6,50287.3,32701.21743,12661071.2,9490545.127,0.74958469,3.653972801,2021_05_MAY
6/1/2021,BUY,OBL,17346816,254579.2,-122008.49,61920595.2,-4411529.296,79070,54400.72591,19214665.6,14077841.9,0.732661301,-0.071244943,2021_06_JUN
6/1/2021,BUY,OPT,27532688,1147843.6,74039.97,277648868.8,97714551.57,80592.1,277810.5001,19191856,13975119.75,0.72817969,0.351935709,2021_06_JUN
6/1/2021,SELL,OBL,905088,11871.8,9836.46,2903204.8,4372363.568,3307,1176.917336,783488,982759.5266,1.254338964,1.506047237,2021_06_JUN
6/1/2021,SELL,OPT,6835536,110242.8,1624517.43,26844436.8,67602364.75,48900.1,26619.00458,11881657.6,9496744.434,0.79927774,2.518300729,2021_06_JUN
7/1/2021,BUY,OBL,19120792,223041.3,-111607.23,55973107.2,-3299323.968,78065.7,61881.05953,19408491.2,8751935.283,0.450933315,-0.058944806,2021_07_JUL
7/1/2021,BUY,OPT,21657128,965684.4,61547.37,242215223.2,77986301.76,75020.7,204133.2102,18586213.6,11532099.32,0.620465231,0.3219711,2021_07_JUL
7/1/2021,SELL,OBL,968888,8474.4,8380.88,2086832,5651651.216,1821.6,2022.543604,467596.8,660705.4267,1.41298107,2.708244466,2021_07_JUL
7/1/2021,SELL,OPT,6962936,109926.1,1339083.53,27481699.2,55954187.94,37175.8,21661.15503,9284832.8,4996713.006,0.538158642,2.036052703,2021_07_JUL
8/1/2021,BUY,OBL,18859200,235248.7,-2411120.59,58978885.6,-598040056.7,74024.6,70336.08663,18549835.2,7318753.029,0.394545447,-10.13990093,2021_08_AUG
8/1/2021,BUY,OPT,17600640,793600.5,42005.42,197483588.8,60167003.46,72468.1,347882.547,17786833.6,8357487.229,0.46986931,0.304668372,2021_08_AUG
8/1/2021,SELL,OBL,982648,8802.3,8504.85,2141266.4,5109446.976,1787.7,-1508.354899,437130.4,172386.3839,0.394359175,2.386179962,2021_08_AUG
8/1/2021,SELL,OPT,7749952,124088.9,1344911.23,31123747.2,55850225.66,35154.7,22605.77959,8843789.6,4254501.277,0.481072195,1.794456988,2021_08_AUG
9/1/2021,BUY,OBL,21052416,289746,-11973071.59,70839878.4,-793236771.4,78560.5,94671.80068,18959947.2,6791295.811,0.358191705,-11.1976021,2021_09_SEP
9/1/2021,BUY,OPT,28606032,1258922,87881.81,305258832,93735139.01,84233.4,320848.8556,20056819.2,10634937.09,0.530240462,0.307067738,2021_09_SEP
9/1/2021,SELL,OBL,945072,10244.4,9262.32,2437785.6,4713819.408,3316.6,2137.236071,769334.4,1324699.007,1.721876737,1.933648065,2021_09_SEP
9/1/2021,SELL,OPT,7354608,130108.7,56752.47,31535630.4,29047693.82,47661.5,28793.95799,11537505.6,8493510.732,0.736165253,0.921107124,2021_09_SEP
10/1/2021,BUY,OBL,19815640,304372.2,-3154102.52,76360688.8,-759176600.1,84004.1,83809.68131,20648533.6,12248006.03,0.5931659,-9.941982085,2021_10_OCT
10/1/2021,BUY,OPT,27886320,1155656.1,104032.22,290074752.8,111791249.4,68853.6,347001.6307,17101688,13210893.17,0.772490597,0.385387726,2021_10_OCT
10/1/2021,SELL,OBL,936808,11910.5,7643.18,2891746.4,5796490.496,4362.2,568.694639,1062483.2,1274967.567,1.199988449,2.004494757,2021_10_OCT
10/1/2021,SELL,OPT,7554824,135080.3,59139.49,33921003.2,35149264.54,56156.5,34127.69941,14070648,12255836.94,0.871021501,1.036209464,2021_10_OCT
11/1/2021,BUY,OBL,14539208,254007,-4150445.42,61922988,-951082675.1,75169.5,115052.588,17847811.1,16526837.64,0.925986809,-15.35912116,2021_11_NOV
11/1/2021,BUY,OPT,32757155,1473551.3,114492.3,353540541.1,136676853.7,61805.4,491553.094,15027417.1,11192884.36,0.744830884,0.386594571,2021_11_NOV
11/1/2021,SELL,OBL,1226685,10884.1,11810.57,2621579.8,4593631.3,4351.3,-733.886354,1039875.8,1068437.453,1.027466408,1.75223783,2021_11_NOV
11/1/2021,SELL,OPT,7478173,135667.4,49788.08,32957053.5,34746603.74,60092.9,38897.79237,14490875.5,15416748.16,1.063893493,1.054299461,2021_11_NOV
12/1/2021,BUY,OBL,9064768,203847.1,-3288039.46,51440532.8,-781309122.8,68146.7,75583.17386,16923373.6,15344672.29,0.90671474,-15.18858924,2021_12_DEC
12/1/2021,BUY,OPT,32905872,1295006.8,135090.21,326444602.4,133164606.3,91150.8,421774.8225,22751126.4,16780743.51,0.73757858,0.407924056,2021_12_DEC
12/1/2021,SELL,OBL,1237752,11006.8,13929.17,2733082.4,6468164.48,4123.9,3573.626053,1021119.2,970527.0784,0.950454245,2.366618906,2021_12_DEC
12/1/2021,SELL,OPT,7923312,139799.7,60916.9,35177973.6,41806981.14,64031.4,38115.66186,16137163.2,13884938.75,0.860432443,1.188441995,2021_12_DEC
1/1/2022,BUY,OBL,9352448,192591.9,-2365991.39,48313046.4,-573551407.7,54706,67091.94515,13527690.4,10418556.63,0.770165218,-11.8715637,2022_01_JAN
1/1/2022,BUY,OPT,35595720,1821502.9,112691.4,453325554.4,141643848.6,85348.3,444922.9957,21184928.8,15111374.46,0.713307777,0.312455028,2022_01_JAN
1/1/2022,SELL,OBL,1235176,11340.6,11359.12,2813419.2,5088794.664,2860.2,2279.229955,737208,653474.7747,0.886418453,1.808758063,2022_01_JAN
1/1/2022,SELL,OPT,9131048,130280.1,77545.72,32471376,41544599.49,50363.9,44050.38042,12513699.2,10804332.68,0.863400383,1.279422205,2022_01_JAN
2/1/2022,BUY,OBL,8781920,189924.6,-2363349.35,42585830.4,-521970023.5,60278,70096.02037,13551980.8,8198300.004,0.604952156,-12.25689434,2022_02_FEB
2/1/2022,BUY,OPT,35555456,2167201.9,137931.7,482396316.8,139073571.5,103954.6,483635.1076,23036681.6,14872202.23,0.645587871,0.288297333,2022_02_FEB
2/1/2022,SELL,OBL,1165216,12482.2,16493.93,2802905.6,3998847.04,4130.2,2876.537434,950729.6,140119.3799,0.147380896,1.426679172,2022_02_FEB
2/1/2022,SELL,OPT,8009696,133738.3,63608.76,29971174.4,33636360.51,55531.6,37663.97915,12362393.6,8718009.392,0.705203998,1.122290374,2022_02_FEB
3/1/2022,BUY,OBL,9871131,199075.7,-2752034.56,49496151.6,-657014832.3,52085.6,118678.7054,12426585.8,9546591.701,0.76823931,-13.27405891,2022_03_MAR
3/1/2022,BUY,OPT,42293500,1886263.1,169864.37,465089745,172155874.5,86240.2,599840.6006,21332453.6,15757880.34,0.738681102,0.370156247,2022_03_MAR
3/1/2022,SELL,OBL,1214692,11210.7,14155.01,2808405.1,5395969.777,3247,3901.836797,833424.6,1025178.317,1.230079262,1.92136447,2022_03_MAR
3/1/2022,SELL,OPT,8561693,133030.6,69383.84,32999762.9,37140021.13,60588,42121.18116,14952182.4,14674055.57,0.981398914,1.125463272,2022_03_MAR
4/1/2022,BUY,OBL,11501472,231836.4,-2853607.66,56437392,-642496448.3,52182.2,154561.9664,12369792,11403124.69,0.921852582,-11.38423349,2022_04_APR
4/1/2022,BUY,OPT,41410272,1960473.1,192419.77,464549937.6,204661517.2,101454.1,843963.2952,24557889.6,19746924.04,0.804096946,0.440558701,2022_04_APR
4/1/2022,SELL,OBL,1188096,11706,14638.93,2779488,5791272,4184.7,4832.135877,985627.2,1718245.385,1.743301509,2.083575104,2022_04_APR
4/1/2022,SELL,OPT,8186784,130880.5,73688.39,31632254.4,39463147.44,63316.7,55291.52645,15195988.8,17923530.53,1.179490902,1.247560384,2022_04_APR
5/1/2022,BUY,OBL,13817624,223213.1,-3448456.67,55968651.2,-1293715994,58356.3,140936.6021,14255398.4,22605484.62,1.585749061,-23.11501111,2022_05_MAY
5/1/2022,BUY,OPT,49123872,2166595.5,273476.61,533041955.2,258807696.4,98954.2,1084543.627,24535625.6,21659747.54,0.882787661,0.485529692,2022_05_MAY
5/1/2022,SELL,OBL,1150152,10544.8,20034.73,2579945.6,6827376.544,3236.8,7069.076596,793072.8,1722948.027,2.172496683,2.646325777,2022_05_MAY
5/1/2022,SELL,OPT,7337040,119814.3,87341.95,29814873.6,41311483.7,64580.5,56629.73861,16112456,22773645.11,1.413418606,1.385599827,2022_05_MAY
6/1/2022,BUY,OBL,10526896,207970.4,-2576253.74,50675179.2,-551418349,76267.2,157026.699,18102707.2,38375498.55,2.119876222,-10.88142869,2022_06_JUN
6/1/2022,BUY,OPT,41797824,1839952.3,255984.44,435404875.2,243967518.4,73777.1,1142481.536,17741851.2,23181162.9,1.306580843,0.56032335,2022_06_JUN
6/1/2022,SELL,OBL,1118672,9369.2,24309.27,2235537.6,7006366.368,2898.5,8154.415635,665568,153734.349,0.230982182,3.134085675,2022_06_JUN
6/1/2022,SELL,OPT,7449984,116813.8,99076.69,28092824,47640887.01,60927.9,63854.18696,14610286.4,18102748.52,1.239041318,1.695838304,2022_06_JUN
7/1/2022,BUY,OBL,10721096,185395.3,-3080486.87,46489126.4,-705539334.2,56089.8,87048.81578,13889570.4,23996248.71,1.727645134,-15.17643778,2022_07_JUL
7/1/2022,BUY,OPT,42723864,1755467.4,295636.75,434839336.8,223110682.1,83741.2,1080011.412,20543127.2,21007750.72,1.022616981,0.513087624,2022_07_JUL
7/1/2022,SELL,OBL,1199344,7327.6,17361.77,1805451.2,1987459.4,1564.3,3610.963193,404268.8,-337786.4346,-0.835549106,1.100810368,2022_07_JUL
7/1/2022,SELL,OPT,6882296,105935.4,80490.34,26395466.4,43467509.8,44603.2,50334.34229,11005124,10561113.79,0.959654229,1.64677938,2022_07_JUL
8/1/2022,BUY,OBL,12300064,225592.8,-3129304.66,56037206.4,-885459171.5,61358.7,130393.4867,15198033.6,16919910.51,1.113296033,-15.80127255,2022_08_AUG
8/1/2022,BUY,OPT,39878752,1855004.7,240114.01,461538741.6,188997505.1,78155.6,813552.3081,19139324.8,16266005.3,0.849873518,0.409494346,2022_08_AUG
8/1/2022,SELL,OBL,1194576,7975.8,6985.4,1970498.4,2197642.448,2305.9,4685.413641,622899.2,-41564.45332,-0.066727415,1.115272384,2022_08_AUG
8/1/2022,SELL,OPT,6848680,113510.4,63608.31,28170283.2,36699054.96,41095.5,41216.78494,10118244,9914625.356,0.979876089,1.302757757,2022_08_AUG
9/1/2022,BUY,OBL,12180000,232289.3,-3971363.98,55963704,-1261085051,58821,156638.2715,13927718.4,19657908.15,1.411423435,-22.53398115,2022_09_SEP
9/1/2022,BUY,OPT,49169856,2601026,214513.02,633399878.4,235928488.6,96181.2,962955.0575,22933795.2,20242015.92,0.882628267,0.372479529,2022_09_SEP
9/1/2022,SELL,OBL,1168656,7774.6,26892.17,1860460.8,8207248.896,2154.4,13699.93604,542947.2,1066875.424,1.964970856,4.411406516,2022_09_SEP
9/1/2022,SELL,OPT,7020144,120931.9,67872.51,29267083.2,48085485.22,59904.2,58032.18594,14572780.8,23358811.46,1.602906939,1.64298864,2022_09_SEP
10/1/2022,BUY,OBL,12003152,201771.8,-3221138,50555623.2,-865881232.4,57074.3,156815.322,14063320,15842058.25,1.126480678,-17.12729816,2022_10_OCT
10/1/2022,BUY,OPT,56411144,2794303.1,262618.2,694961272.8,242645319.4,105081.7,1105541.303,26182203.2,27018869.39,1.03195553,0.349149412,2022_10_OCT
10/1/2022,SELL,OBL,1428624,10260.9,16396.4,2512116.8,6738106.184,4153.9,10546.3402,998311.2,1727179.258,1.730101053,2.682242396,2022_10_OCT
10/1/2022,SELL,OPT,8305976,126149.9,124900.9,31643326.4,64066800.34,57523.4,79839.28869,14470535.2,25538163.19,1.764838884,2.02465441,2022_10_OCT
11/1/2022,BUY,OBL,10045447,175789.5,-2829537.2,42943779.8,-736791196.7,45603.8,88973.25057,11185952.6,10852344.73,0.970176177,-17.157111,2022_11_NOV
11/1/2022,BUY,OPT,53608877,2574224.1,208096.7,627323309.7,185457116.5,100158.7,767863.0501,24043647.5,22189150.99,0.922869585,0.295632433,2022_11_NOV
11/1/2022,SELL,OBL,1263719,17614,14187.94,4174412.2,15258113.39,5030.6,3685.627635,1244458.2,918779.5055,0.738296799,3.655152549,2022_11_NOV
11/1/2022,SELL,OPT,8373569,129130.7,83709.85,31205858,49997687.42,57928,58866.0018,13848885.8,18042108.15,1.302784095,1.60218916,2022_11_NOV
12/1/2022,BUY,OBL,13904808,195938.4,-3118363.49,48880404,-833022127.1,50886.2,103903.0115,12577608,9810611.2,0.780006119,-17.04204669,2022_12_DEC
12/1/2022,BUY,OPT,52591832,2365628,184774.02,598312608.8,182122768.5,119080.5,629746.2401,29350666.4,18877499.52,0.64317107,0.304394,2022_12_DEC
12/1/2022,SELL,OBL,1349936,14352.3,12541.5,3511111.2,11224146.04,4168.8,7335.572184,1047370.4,703565.2863,0.671744482,3.196750373,2022_12_DEC
12/1/2022,SELL,OPT,8450104,131137.1,82247.11,32813052,50396664.83,52968.1,49637.82495,13244830.4,11218401,0.847002238,1.535872519,2022_12_DEC
1/1/2023,BUY,OBL,14244336,194642.8,-2902279.89,48700282.4,-814263972.5,60184,116318.4675,15000212,12246050.33,0.816391817,-16.71990248,2023_01_JAN
1/1/2023,BUY,OPT,59656128,2612978.9,245346.16,648803032,199542059.1,127383.4,722052.4513,31563099.2,20596130.62,0.652538285,0.307554141,2023_01_JAN
1/1/2023,SELL,OBL,1172856,8175.1,17119.78,2027363.2,7322205.312,1455.1,12602.5431,355461.6,789395.4272,2.220761475,3.611688972,2023_01_JAN
1/1/2023,SELL,OPT,10370416,156953.3,113989.56,39082149.6,57781447.77,65509,64900.83448,16242791.2,15546153.23,0.957110945,1.478461353,2023_01_JAN
2/1/2023,BUY,OBL,12790528,193792.2,-2916066.45,43319462.4,-747184147.6,64685.6,94741.2576,14353974.4,14004314.57,0.975640208,-17.24823223,2023_02_FEB
2/1/2023,BUY,OPT,55424736,3572970.4,257079.33,817229244.8,216046607.1,133206.8,754500.1589,29708828.8,22699839.33,0.76407722,0.264364753,2023_02_FEB
2/1/2023,SELL,OBL,1675424,11006.9,45405.21,2451731.2,13755867.68,1983.2,25389.87132,447174.4,786620.4751,1.759091028,5.610675298,2023_02_FEB
2/1/2023,SELL,OPT,8987008,159865.5,92389,35786044.8,54439557.98,71605.5,64081.88801,15884323.2,17012142.52,1.071002038,1.521251043,2023_02_FEB
3/1/2023,BUY,OBL,15867086,220076.8,-3590057.71,54851985.8,-975974995.5,63876.7,116304.6457,15692729.7,14760736.59,0.94060988,-17.79288354,2023_03_MAR
3/1/2023,BUY,OPT,69917781,3025027.1,250319.05,765227739.4,227112339.3,142621.7,827416.0853,34913572.5,22586947.26,0.646938873,0.296790521,2023_03_MAR
3/1/2023,SELL,OBL,1442422,17941,23187.72,4425059.2,16281081.37,5299.2,12612.19092,1280050.1,865123.6463,0.675851395,3.6792912,2023_03_MAR
3/1/2023,SELL,OPT,10320053,157365.3,104633.16,39139695.8,55959876.01,66064,68281.55683,16415350.2,20330397.74,1.238499179,1.429747341,2023_03_MAR
4/1/2023,BUY,OBL,15319840,263066.3,-3181768.23,63312840,-810110877.3,64594.5,176337.5437,15519224,19668465.25,1.267361387,-12.79536469,2023_04_APR
4/1/2023,BUY,OPT,61897040,3034459,344444.25,735442456,277995582.5,161113.7,1085560.248,38668920,29217011.25,0.755568329,0.377997735,2023_04_APR
4/1/2023,SELL,OBL,1600240,20903.2,24067.29,5004024,20864436.48,4207.4,14727.82886,998344,999535.9062,1.001193883,4.169531657,2023_04_APR
4/1/2023,SELL,OPT,9184800,145370.3,99408.26,35033624,67978687.44,63186.4,75697.33986,15248568,25162486.22,1.650154049,1.940384113,2023_04_APR
5/1/2023,BUY,OBL,14118592,248441.2,-3016815.42,61805318.4,-728841001.3,76664.4,159734.481,18906597.6,20330556.83,1.075315467,-11.79252887,2023_05_MAY
5/1/2023,BUY,OPT,64668128,3663222.6,276636.49,921364368,281019245.3,147558.4,929347.7939,37259168,29496455.35,0.791656307,0.305003379,2023_05_MAY
5/1/2023,SELL,OBL,1400008,16251.5,27390.94,3943303.2,17899862.23,3526.2,17353.59771,871596,907752.5386,1.04148314,4.539306598,2023_05_MAY
5/1/2023,SELL,OPT,9816576,128012.1,106977.37,31955978.4,61377420.43,59365.2,77637.85338,14764731.2,25152890.83,1.703579326,1.920686629,2023_05_MAY
6/1/2023,BUY,OBL,19052240,315098.4,-2852950.47,75553772.8,-699323930.4,88999.1,172519.1482,21268672,20705906.1,0.973540149,-9.2559763,2023_06_JUN
6/1/2023,BUY,OPT,48940288,2619251.3,219207.2,620209156.8,207037694.5,147937.3,761718.9333,35511716.8,24227721.89,0.682245863,0.333819152,2023_06_JUN
6/1/2023,SELL,OBL,1275952,11189.3,16388.5,2656995.2,8581510.672,3712.9,9418.472315,903740.8,954983.4347,1.056700588,3.229780269,2023_06_JUN
6/1/2023,SELL,OPT,8257072,115495.3,69766.74,28236289.6,37197335.66,47351.8,54090.30608,11567107.2,14494606.19,1.253088256,1.317359192,2023_06_JUN
7/1/2023,BUY,OBL,25518840,338935.8,-3245611.59,83428965.6,-796053144.1,84321.3,146321.7664,20805914.4,12952787.58,0.622553152,-9.54168781,2023_07_JUL
7/1/2023,BUY,OPT,38725488,2217174.3,123864.94,550184364,150935395.3,111534.1,540280.4323,27722139.2,14169412.41,0.51112262,0.274336032,2023_07_JUL
7/1/2023,SELL,OBL,1578200,12796.3,14627.39,3166520,11956774.94,2530.6,5665.537871,608120,975263.472,1.603735236,3.775998552,2023_07_JUL
7/1/2023,SELL,OPT,11281912,130807.7,69896.33,32903255.2,33231025.44,45440.1,49078.4687,11327025.6,8304882.157,0.733191788,1.009961636,2023_07_JUL
8/1/2023,BUY,OBL,20466160,316050.3,-3047922.16,77296670.4,-733386833.4,82676.1,138853.5671,20454544.8,15265564.85,0.746316528,-9.487948571,2023_08_AUG
8/1/2023,BUY,OPT,46572664,2946140.7,132491.49,731099553.6,176328200.9,116373.4,546708.772,28747719.2,16268784.01,0.565915643,0.241182203,2023_08_AUG
8/1/2023,SELL,OBL,1535376,11384.5,17591.57,2831120,13731244.11,3086.6,6477.585284,757700.8,1065784.979,1.406604003,4.850110243,2023_08_AUG
8/1/2023,SELL,OPT,11213768,132904.6,139594.02,33558720.8,39596560.18,52350.5,45836.70547,13143724,11695209.41,0.889794202,1.179918639,2023_08_AUG
10/1/2023,BUY,OBL,18260392,284560.6,-3279364.2,70750782.4,-763447843.5,81859.8,187211.9693,20023061.6,15599826.03,0.779092945,-10.79066291,2023_10_OCT
10/1/2023,BUY,OPT,62740456,3262102.6,287381.99,822028235.2,282484836.8,130650.7,1061239.887,32459842.4,28485978.56,0.877575997,0.343643715,2023_10_OCT
10/1/2023,SELL,OBL,1917496,12960.7,27167.73,3260138.4,15540468.33,3402.8,18459.68524,858527.2,1728504.298,2.013336675,4.766812454,2023_10_OCT
10/1/2023,SELL,OPT,12434192,141654,117997.32,35723772,61951067.78,60886.8,94003.25574,15345772,21602057.97,1.407687927,1.734169275,2023_10_OCT
11/1/2023,BUY,OBL,20222271,311120.5,-2772284.77,75079920.9,-649598703,74170.7,154069.6893,17835938.8,16771250.72,0.940306586,-8.652096262,2023_11_NOV
11/1/2023,BUY,OPT,56074076,2928095.6,226226.22,713235378.6,230518877.3,162251.5,881931.7654,39211754.2,25338496.17,0.646196445,0.323201687,2023_11_NOV
11/1/2023,SELL,OBL,1944839,12183.2,22794.54,2975818.6,11144016.87,3555.7,18087.81683,826459.7,2636910.506,3.190609906,3.744857588,2023_11_NOV
11/1/2023,SELL,OPT,13339604,151091.6,104327.29,36749420.8,46610773.35,64333.5,87233.24378,15654593.1,22155288.68,1.415258036,1.268340353,2023_11_NOV
12/1/2023,BUY,OBL,19294120,293638.8,38258.4,73136385.6,43008422.31,80330.4,166047.9524,19985644.8,16405580.69,0.820868221,0.588057804,2023_12_DEC
12/1/2023,BUY,OPT,53253808,2795419.1,192632.46,696023156.8,215284798.3,168482.6,697025.5551,42013739.2,22579823.42,0.537439034,0.309306948,2023_12_DEC
12/1/2023,SELL,OBL,1898664,15414.3,21707.29,3869683.2,15742032.61,3959.5,15631.02752,974972,2219225.045,2.276193619,4.068041696,2023_12_DEC
12/1/2023,SELL,OPT,13795432,165872.9,97663.39,41501202.4,48761886.65,70910.5,74494.27919,17757696.8,17190905.14,0.968081916,1.174951178,2023_12_DEC
1/1/2024,BUY,OBL,19429792,277482.1,91131.68,68452372,73421087.24,68265.1,253768.9851,16932334.4,17544559.9,1.036157182,1.072586458,2024_01_JAN
1/1/2024,BUY,OPT,55605568,3340449.4,245490.37,899500236,264642087.7,170179.9,803380.5783,42183440.8,26555924.64,0.629534342,0.294210137,2024_01_JAN
1/1/2024,SELL,OBL,2375328,13773.2,15108.21,3472485.6,7805530.904,2487.9,3955.767182,616032,358773.5112,0.582394277,2.247822397,2024_01_JAN
1/1/2024,SELL,OPT,13808768,184234.3,87644.01,46334563.2,51318147.06,71034,57679.16207,17942596.8,22631785.03,1.2613439,1.107556509,2024_01_JAN
2/1/2024,BUY,OBL,20801520,300753.4,33697.31,69697953.6,62454603.79,79926.7,253373.5267,18648866.4,18833673.85,1.009909849,0.896075144,2024_02_FEB
2/1/2024,BUY,OPT,43893176,2512288,216444.39,580675604,215990075.4,150576.1,683399.4065,35003709.6,21338349.01,0.609602504,0.371963406,2024_02_FEB
2/1/2024,SELL,OBL,2297664,15587.8,-68822.58,3650512.8,-7425825.664,3797.9,1493.444093,901039.2,695540.7875,0.771931773,-2.034186995,2024_02_FEB
2/1/2024,SELL,OPT,13244832,183576.9,76408.1,43187019.2,41191711.76,75928.1,56647.05358,17759151.2,13992515.38,0.787904513,0.953798445,2024_02_FEB
3/1/2024,BUY,OBL,23184757,327055.1,-470.7,80623472.7,8445774.382,88713.9,212217.5276,22024595.7,16043788.14,0.728448702,0.104755775,2024_03_MAR
3/1/2024,BUY,OPT,61463516,3229808.7,302857.83,829839580.5,269695017.7,185986.2,878038.1169,46065142.3,31293268.07,0.679326417,0.32499657,2024_03_MAR
3/1/2024,SELL,OBL,2372511,17197.4,14215.37,4296931.4,7789064.455,5819.3,8744.92324,1449187.9,2639215.6,1.821168669,1.812703934,2024_03_MAR
3/1/2024,SELL,OPT,14386777,169734.1,113824.83,42425352.8,42012476.38,76531.6,63578.42724,19159262.6,16383172.04,0.85510452,0.990268168,2024_03_MAR
4/1/2024,BUY,OBL,16289344,268351.5,18985.44,64674414.4,81770063.3,76395.4,142293.4627,18368193.6,22035563.9,1.199658735,1.264334035,2024_04_APR
4/1/2024,BUY,OPT,67527072,5293342.8,343463.92,1263160162,313242817.6,164611,1154401.974,39592398.4,25497222.43,0.643992874,0.247983452,2024_04_APR
4/1/2024,SELL,OBL,1987824,19886,14238.28,4708945.6,11423842.82,5114.9,8357.332687,1086075.2,1260789.727,1.160867799,2.425987426,2024_04_APR
4/1/2024,SELL,OPT,11074080,148473,78508.49,35977505.6,39945902.8,71167.1,62815.47859,17293878.4,18972833.94,1.097083806,1.110302177,2024_04_APR
5/1/2024,BUY,OBL,21155256,305590,-32520.29,76177464,53607964.58,78671.8,181759.0997,19556501.6,19492181.15,0.996711045,0.703724721,2024_05_MAY
5/1/2024,BUY,OPT,65749408,5124805.6,284099.98,1268144392,312277907.4,187977.7,954242.0175,45880319.2,27153822.88,0.591840322,0.246247911,2024_05_MAY
5/1/2024,SELL,OBL,2074120,19066.5,27496.46,4732932.8,10474811.26,7653.5,12303.96526,1896320.8,921576.7549,0.485981462,2.213175574,2024_05_MAY
5/1/2024,SELL,OPT,13237416,157327.2,86179.27,39422007.2,39741344.55,68891.2,66406.06924,17168540,16556545.72,0.964353738,1.008100484,2024_05_MAY
6/1/2024,BUY,OBL,22710560,354634.9,-28526.22,85553712,28781402.96,97024.7,237330.2996,23464712,19271487.14,0.821296555,0.336413258,2024_06_JUN
6/1/2024,BUY,OPT,57081760,5474494.6,273026.58,1314836232,305233868.3,165701.4,1082380.008,40147232,28783187.31,0.716940767,0.232145921,2024_06_JUN
6/1/2024,SELL,OBL,2069760,16578.1,33350.51,3979776,18564590.4,5937.5,12699.00376,1406776,2171582.404,1.543658979,4.664732487,2024_06_JUN
6/1/2024,SELL,OPT,11422080,148259.1,76141.73,35628424,35756231.68,67762.7,62657.28506,16312280,15740017.54,0.964918303,1.003587239,2024_06_JUN
7/1/2024,BUY,OBL,22917504,371772.3,-57668.39,92666459.2,11703734.7,98152.4,156247.9271,24257087.2,13011243.75,0.536389371,0.126299578,2024_07_JUL
7/1/2024,BUY,OPT,59558280,3784470.3,273337.31,943191100.8,303325400,158440.8,1184398.143,39336572,36248903.1,0.921506406,0.321594849,2024_07_JUL
7/1/2024,SELL,OBL,1957192,13810.1,19084.06,3444633.6,18004641.86,2670.1,5587.372498,640875.2,1778009.184,2.774345433,5.22686705,2024_07_JUL
7/1/2024,SELL,OPT,12138040,179227.1,86098.61,45266384.8,45364272.23,84873.9,59458.91608,21947651.2,14802789.35,0.67445893,1.002162475,2024_07_JUL
