Start Date,Class,Hedge Type,Number Of Hours,Bid MW,Bid Price,Bid MWHs,Bid MWHs Bid Price,Awarded Mw,Clearing Price,Awarded MWHs,Awarded MWHs Clearing Price,Weighted Avg Clear Price,Weighted Avg Bid Price,Auction,Market ID
01/01/2020,SELL,OBL,682488,9536.1,13951.35,2365504.0,7842148.18,1903.0,3307.65,462844.0,477720.04,1.03,3.32,2020.JAN.Monthly.Auction,5565
01/01/2020,BUY,OBL,15146056,200016.2,-5449742.33,50566059.2,-575971656.33,44659.1,37687.19,11357036.8,5170106.49,0.46,-11.39,2020.JAN.Monthly.Auction,5565
01/01/2020,BUY,OPT,39183440,2433357.4,188161.81,638899382.4,214961003.08,72660.0,1193585.61,17850357.6,16057889.66,0.9,0.34,2020.JAN.Monthly.Auction,5565
01/01/2020,SELL,OPT,6667336,111455.6,140454.66,27734599.2,74202174.62,26678.3,59257.48,6665972.0,6907490.68,1.04,2.68,2020.JAN.Monthly.Auction,5565
2/1/2020,SELL,OPT,6468400,111194.1,95519.01,26035722.4,46901928.48,29140.6,46413.86,6674616.8,7772340.71,1.16,1.8,2020.FEB.Monthly.Auction,5606
2/1/2020,BUY,OPT,36288440,2578346.6,123837.43,641073084.8,170313991.54,72043.8,790423.99,16336553.6,11030626.42,0.68,0.27,2020.FEB.Monthly.Auction,5606
2/1/2020,BUY,OBL,14612632,260039.8,-2885690.25,60474451.2,-485234956.16,46764.9,-9368.19,10969884.8,11765760.99,1.07,-8.02,2020.FEB.Monthly.Auction,5606
2/1/2020,SELL,OBL,816056,11807.4,43917.65,2738621.6,9837515.54,2559.8,4331.48,600192.0,682448.16,1.14,3.59,2020.FEB.Monthly.Auction,5606
03/01/2020,BUY,OBL,14432362,229521.0,-2220461.35,58367814.4,-492338812.41,55017.3,145926.98,13846615.3,17659685.24,1.28,-8.44,2020.MAR.Monthly.Auction,5646
03/01/2020,SELL,OPT,6173043,106498.6,105161.74,26607032.5,55222378.96,24994.6,57284.18,6130419.9,7452840.4,1.22,2.08,2020.MAR.Monthly.Auction,5646
03/01/2020,SELL,OBL,761251,11810.3,39664.87,2914842.3,7468234.64,3687.1,1556.61,907615.2,876428.23,0.97,2.56,2020.MAR.Monthly.Auction,5646
03/01/2020,BUY,OPT,40039656,2400972.5,181788.11,641312698.8,187454595.96,79002.0,1105016.8,19340775.9,12098136.99,0.63,0.29,2020.MAR.Monthly.Auction,5646
04/01/2020,BUY,OBL,17127552,233914.0,-4288448.61,57672561.6,-562532460.4,52990.4,70939.05,12993932.8,21455617.02,1.65,-9.75,2020.APR.Monthly.Auction,5686
04/01/2020,SELL,OPT,5845952,106835.6,118413.48,26031502.4,59162875.68,27521.7,71155.26,6588284.8,14425126.95,2.19,2.27,2020.APR.Monthly.Auction,5686
04/01/2020,SELL,OBL,753472,11906.5,41012.63,2843593.6,9257572.58,2453.4,1256.7,581816.0,714075.76,1.23,3.26,2020.APR.Monthly.Auction,5686
04/01/2020,BUY,OPT,35023072,1920721.1,250879.9,455594835.2,192962635.58,80440.8,1057592.32,19086540.8,17344399.83,0.91,0.42,2020.APR.Monthly.Auction,5686
05/01/2020,BUY,OPT,37247152,1879787.6,86813.27,475103444.8,117932975.1,85129.8,481616.69,21265795.2,10773696.21,0.51,0.25,2020.MAY.Monthly.Auction,5727
05/01/2020,BUY,OBL,17178736,236541.5,-3847188.33,59916164.8,-582883831.94,60881.2,59299.7,15234970.4,10136046.36,0.67,-9.73,2020.MAY.Monthly.Auction,5727
05/01/2020,SELL,OBL,716464,9407.7,40485.99,2298384.0,8036634.86,2471.1,2187.89,600571.2,1014826.33,1.69,3.5,2020.MAY.Monthly.Auction,5727
05/01/2020,SELL,OPT,5543736,102461.9,50772.01,25513698.4,35371274.43,25494.9,20014.48,6356308.8,6940546.29,1.09,1.39,2020.MAY.Monthly.Auction,5727
06/01/2020,SELL,OPT,5155392,101304.5,38743.3,24639246.4,28064164.77,26930.2,13544.57,6433377.6,4047849.7,0.63,1.14,2020.JUN.Monthly.Auction,5747
06/01/2020,BUY,OBL,18557616,268225.1,-2299851.31,66404326.4,-541559525.95,68457.5,23944.19,16497638.4,8523666.14,0.52,-8.16,2020.JUN.Monthly.Auction,5747
06/01/2020,SELL,OBL,734800,10557.1,40201.45,2531676.8,8026899.95,2162.3,2986.37,488084.8,870779.1,1.78,3.17,2020.JUN.Monthly.Auction,5747
06/01/2020,BUY,OPT,35206592,1959152.2,72332.83,461709347.2,112156396.62,83807.6,365244.07,20109344.0,10420986.17,0.52,0.24,2020.JUN.Monthly.Auction,5747
07/01/2020,SELL,OPT,6651704,110042.7,1004425.01,27430473.6,56309850.58,28351.0,12332.41,7052516.0,4297463.8,0.61,2.05,2020.JUL.Monthly.Auction,5807
07/01/2020,SELL,OBL,679192,10822.7,6724.07,2699545.6,5733098.27,2269.9,-1504.19,574983.2,358775.89,0.62,2.12,2020.JUL.Monthly.Auction,5807
07/01/2020,BUY,OPT,27738376,1679052.4,40369.31,407006763.2,75931373.38,76215.2,206760.87,18687037.6,6518487.76,0.35,0.19,2020.JUL.Monthly.Auction,5807
07/01/2020,BUY,OBL,17892040,254837.7,-2213823.92,66092469.6,-548063431.39,64082.3,10304.69,16403538.4,6149157.28,0.37,-8.29,2020.JUL.Monthly.Auction,5807
08/01/2020,SELL,OPT,6050376,102846.0,1132394.58,25433340.0,56566771.0,27663.6,13442.92,6802211.2,3841849.59,0.56,2.22,2020.AUG.Monthly.Auction,5827
08/01/2020,SELL,OBL,702736,11222.2,7080.08,2805563.2,5874088.15,2257.4,863.91,569374.4,69654.82,0.12,2.09,2020.AUG.Monthly.Auction,5827
08/01/2020,BUY,OBL,18263520,268384.9,-3713655.73,68368550.4,-588379971.79,69058.6,40279.28,17572085.6,5894036.76,0.34,-8.61,2020.AUG.Monthly.Auction,5827
08/01/2020,BUY,OPT,28457024,1714649.4,43062.57,421085558.4,81662323.31,81429.9,238724.56,20009032.0,7098602.48,0.35,0.19,2020.AUG.Monthly.Auction,5827
09/01/2020,BUY,OBL,14895984,251441.6,-2235835.85,62086492.8,-534368351.81,62143.0,45658.37,15229872.0,5473088.22,0.36,-8.61,2020.SEP.Monthly.Auction,5926
09/01/2020,SELL,OPT,6434688,109789.3,1186990.05,26434094.4,65018269.68,35576.2,25841.69,8607724.8,7741401.28,0.9,2.46,2020.SEP.Monthly.Auction,5926
09/01/2020,BUY,OPT,32613072,1839228.5,81315.83,435319310.4,103165052.83,103960.6,369073.01,24913555.2,8856233.16,0.36,0.24,2020.SEP.Monthly.Auction,5926
09/01/2020,SELL,OBL,570000,10329.3,8295.04,2549918.4,7087545.12,2463.5,2472.65,609787.2,716802.35,1.18,2.78,2020.SEP.Monthly.Auction,5926
10/01/2020,SELL,OPT,7260240,117683.4,3604024.34,29418183.2,129071501.85,36974.0,32278.84,9291627.2,8820718.21,0.95,4.39,2020.OCT.Monthly.Auction,5966
10/01/2020,SELL,OBL,631056,12733.6,12224.82,3212501.6,18125073.88,2811.2,4535.85,697583.2,1058551.36,1.52,5.64,2020.OCT.Monthly.Auction,5966
10/01/2020,BUY,OPT,37209400,2040522.2,99870.06,498954594.4,121376946.45,90125.7,475640.65,22694124.0,9834700.17,0.43,0.24,2020.OCT.Monthly.Auction,5966
10/01/2020,BUY,OBL,16553736,284339.9,-2231246.96,72852156.0,-560362277.72,64986.1,85672.02,16285989.6,5595973.05,0.34,-7.69,2020.OCT.Monthly.Auction,5966
11/01/2020,SELL,OPT,6853946,118083.5,3639826.56,28644818.8,125829224.31,41772.9,29197.64,10072879.0,10571232.84,1.05,4.39,2020.NOV.Monthly.Auction,6006
11/01/2020,SELL,OBL,671585,13866.8,11975.56,3382682.4,13500248.52,3656.0,5074.18,899685.5,2160471.07,2.4,3.99,2020.NOV.Monthly.Auction,6006
11/01/2020,BUY,OBL,11989189,253595.1,-6737104.55,61379367.1,-645724291.11,64101.9,59762.47,15701949.7,7785579.19,0.5,-10.52,2020.NOV.Monthly.Auction,6006
11/01/2020,BUY,OPT,37017785,2224928.6,92964.71,533595453.6,123996157.77,95624.6,454572.27,22837132.6,9906230.98,0.43,0.23,2020.NOV.Monthly.Auction,6006
12/01/2020,BUY,OBL,12250376,229812.0,-2275720.67,57428512.0,-564587047.61,60266.7,36295.13,15169793.6,5089358.95,0.34,-9.83,2020.DEC.Monthly.Auction,6027
12/01/2020,SELL,OBL,637864,11662.4,10534.99,2903517.6,11089420.02,2806.4,3009.26,673481.6,1007430.54,1.5,3.82,2020.DEC.Monthly.Auction,6027
12/01/2020,BUY,OPT,36177784,2045459.9,74053.94,500280200.8,115178245.57,103409.3,356090.5,25589596.0,11056295.97,0.43,0.23,2020.DEC.Monthly.Auction,6027
12/01/2020,SELL,OPT,7575000,118117.1,3624188.08,29834288.0,120218235.26,39384.0,23259.1,9964676.0,9374546.12,0.94,4.03,2020.DEC.Monthly.Auction,6027
01/01/2021,SELL,OBL,935912,11970.5,13302.13,3026644.0,7290562.87,3333.7,4704.08,844750.4,758672.19,0.9,2.41,2021.JAN.Monthly.Auction,6050
01/01/2021,BUY,OBL,12951312,226208.5,-6674371.95,56076898.4,-636076465.54,57773.8,54952.77,14120160.8,9045955.56,0.64,-11.34,2021.JAN.Monthly.Auction,6050
01/01/2021,SELL,OPT,8931136,144049.3,3712633.09,35874915.2,142093329.82,45895.3,41524.37,11493893.6,10231527.17,0.89,3.96,2021.JAN.Monthly.Auction,6050
01/01/2021,BUY,OPT,40077944,2241127.5,104826.79,557969880.0,147394986.52,89586.1,433306.81,22133019.2,12337491.84,0.56,0.26,2021.JAN.Monthly.Auction,6050
02/01/2021,BUY,OPT,35658592,2238981.0,90330.49,499071398.4,118487290.75,85423.2,367802.86,19317724.8,12934642.81,0.67,0.24,2021.FEB.Monthly.Auction,6090
02/01/2021,SELL,OPT,7531520,132347.0,3624777.21,29712860.8,114273769.34,46921.1,26880.01,10635020.8,6749599.36,0.63,3.85,2021.FEB.Monthly.Auction,6090
02/01/2021,BUY,OBL,13425376,246584.4,-2187049.6,56401564.8,-483594599.58,57169.9,45538.07,12808284.8,6378144.38,0.5,-8.57,2021.FEB.Monthly.Auction,6090
02/01/2021,SELL,OBL,817760,11953.3,11877.58,2750230.4,4334091.23,4102.2,4148.22,986880.0,808479.69,0.82,1.58,2021.FEB.Monthly.Auction,6090
03/01/2021,BUY,OBL,15921885,226807.4,-5198847.59,57684311.5,-598536426.26,57672.8,47324.16,14386416.2,7540491.24,0.52,-10.38,2021.MAR.Monthly.Auction,6129
03/01/2021,SELL,OPT,8250483,127685.8,3538474.67,31862433.6,123063451.51,38763.6,25651.12,9790031.7,7494553.13,0.77,3.86,2021.MAR.Monthly.Auction,6129
03/01/2021,BUY,OPT,40612567,2191213.7,93530.31,527760251.1,137966165.33,95364.6,368969.4,23695080.0,14721846.56,0.62,0.26,2021.MAR.Monthly.Auction,6129
03/01/2021,SELL,OBL,930731,16258.0,10947.63,4105858.6,6873846.24,4434.4,3467.57,1068341.0,919231.59,0.86,1.67,2021.MAR.Monthly.Auction,6129
04/01/2021,SELL,OBL,937712,16757.9,12356.76,4133728.0,5720321.9,7196.0,3110.71,1775390.4,1300843.99,0.73,1.38,2021.APR.Monthly.Auction,6170
04/01/2021,BUY,OPT,36912592,1875819.6,89660.41,441956001.6,118658022.85,74626.8,416649.37,17903622.4,10116338.31,0.57,0.27,2021.APR.Monthly.Auction,6170
04/01/2021,BUY,OBL,12141040,181292.7,-2189341.39,44391464.0,-505216527.07,47051.0,41838.37,11303664.0,8867707.97,0.78,-11.38,2021.APR.Monthly.Auction,6170
04/01/2021,SELL,OPT,7517072,115582.9,3512144.14,28055377.6,123379247.01,42148.0,26820.91,10272163.2,7749434.48,0.75,4.4,2021.APR.Monthly.Auction,6170
05/01/2021,SELL,OPT,8535456,122412.0,3351115.09,30484773.6,111390533.57,50287.3,32701.22,12661071.2,9490545.13,0.75,3.65,2021.MAY.Monthly.Auction,6210
05/01/2021,SELL,OBL,927976,13773.9,9401.27,3477256.8,4813354.24,4956.7,1239.84,1263461.6,1277516.25,1.01,1.38,2021.MAY.Monthly.Auction,6210
05/01/2021,BUY,OBL,13129896,221726.3,-78459.32,55649536.0,-369797.22,57644.5,60453.03,14153456.0,10533271.5,0.74,-0.01,2021.MAY.Monthly.Auction,6210
05/01/2021,BUY,OPT,30578904,1150566.7,90540.58,287829545.6,108056321.75,87350.1,397143.41,21695527.2,10906441.62,0.5,0.38,2021.MAY.Monthly.Auction,6210
06/01/2021,SELL,OPT,6835536,110242.8,1624517.43,26844436.8,67602364.75,48900.1,26619.0,11881657.6,9496744.43,0.8,2.52,2021.JUN.Monthly.Auction,6269
06/01/2021,BUY,OPT,27532688,1147843.6,74039.97,277648868.8,97714551.57,80592.1,277810.5,19191856.0,13975119.75,0.73,0.35,2021.JUN.Monthly.Auction,6269
06/01/2021,BUY,OBL,17346816,254579.2,-122008.49,61920595.2,-4411529.3,79070.0,54400.73,19214665.6,14077841.9,0.73,-0.07,2021.JUN.Monthly.Auction,6269
06/01/2021,SELL,OBL,905088,11871.8,9836.46,2903204.8,4372363.57,3307.0,1176.92,783488.0,982759.53,1.25,1.51,2021.JUN.Monthly.Auction,6269
07/01/2021,SELL,OBL,968888,8474.4,8380.88,2086832.0,5651651.22,1821.6,2022.54,467596.8,660705.43,1.41,2.71,2021.JUL.Monthly.Auction,6311
07/01/2021,BUY,OPT,21657128,965684.4,61547.37,242215223.2,77986301.76,75020.7,204133.21,18586213.6,11532099.32,0.62,0.32,2021.JUL.Monthly.Auction,6311
07/01/2021,SELL,OPT,6962936,109926.1,1339083.53,27481699.2,55954187.94,37175.8,21661.16,9284832.8,4996713.01,0.54,2.04,2021.JUL.Monthly.Auction,6311
07/01/2021,BUY,OBL,19120792,223041.3,-111607.23,55973107.2,-3299323.97,78065.7,61881.06,19408491.2,8751935.28,0.45,-0.06,2021.JUL.Monthly.Auction,6311
08/01/2021,BUY,OBL,18859200,235248.7,-2411120.59,58978885.6,-598040056.72,74024.6,70336.09,18549835.2,7318753.03,0.39,-10.14,2021.AUG.Monthly.Auction,6350
08/01/2021,BUY,OPT,17600640,793600.5,42005.42,197483588.8,60167003.46,72468.1,347882.55,17786833.6,8357487.23,0.47,0.3,2021.AUG.Monthly.Auction,6350
08/01/2021,SELL,OPT,7749952,124088.9,1344911.23,31123747.2,55850225.66,35154.7,22605.78,8843789.6,4254501.28,0.48,1.79,2021.AUG.Monthly.Auction,6350
08/01/2021,SELL,OBL,982648,8802.3,8504.85,2141266.4,5109446.98,1787.7,-1508.35,437130.4,172386.38,0.39,2.39,2021.AUG.Monthly.Auction,6350
09/01/2021,BUY,OBL,21052416,289746.0,-11973071.59,70839878.4,-793236771.41,78560.5,94671.8,18959947.2,6791295.81,0.36,-11.2,2021.SEP.Monthly.Auction,6429
09/01/2021,SELL,OPT,7354608,130108.7,56752.47,31535630.4,29047693.82,47661.5,28793.96,11537505.6,8493510.73,0.74,0.92,2021.SEP.Monthly.Auction,6429
09/01/2021,BUY,OPT,28606032,1258922.0,87881.81,305258832.0,93735139.01,84233.4,320848.86,20056819.2,10634937.09,0.53,0.31,2021.SEP.Monthly.Auction,6429
09/01/2021,SELL,OBL,945072,10244.4,9262.32,2437785.6,4713819.41,3316.6,2137.24,769334.4,1324699.01,1.72,1.93,2021.SEP.Monthly.Auction,6429
10/01/2021,SELL,OBL,936808,11910.5,7643.18,2891746.4,5796490.5,4362.2,568.69,1062483.2,1274967.57,1.2,2.0,2021.OCT.Monthly.Auction,6469
10/01/2021,BUY,OPT,27886320,1155656.1,104032.22,290074752.8,111791249.38,68853.6,347001.63,17101688.0,13210893.17,0.77,0.39,2021.OCT.Monthly.Auction,6469
10/01/2021,SELL,OPT,7554824,135080.3,59139.49,33921003.2,35149264.54,56156.5,34127.7,14070648.0,12255836.94,0.87,1.04,2021.OCT.Monthly.Auction,6469
10/01/2021,BUY,OBL,19815640,304372.2,-3154102.52,76360688.8,-759176600.06,84004.1,83809.68,20648533.6,12248006.03,0.59,-9.94,2021.OCT.Monthly.Auction,6469
11/01/2021,BUY,OBL,14539208,254007.0,-4150445.42,61922988.0,-951082675.06,75169.5,115052.59,17847811.1,16526837.64,0.93,-15.36,2021.NOV.Monthly.Auction,6510
11/01/2021,BUY,OPT,32757155,1473551.3,114492.3,353540541.1,136676853.73,61805.4,491553.09,15027417.1,11192884.36,0.74,0.39,2021.NOV.Monthly.Auction,6510
11/01/2021,SELL,OPT,7478173,135667.4,49788.08,32957053.5,34746603.74,60092.9,38897.79,14490875.5,15416748.16,1.06,1.05,2021.NOV.Monthly.Auction,6510
11/01/2021,SELL,OBL,1226685,10884.1,11810.57,2621579.8,4593631.3,4351.3,-733.89,1039875.8,1068437.45,1.03,1.75,2021.NOV.Monthly.Auction,6510
12/01/2021,BUY,OPT,32905872,1295006.8,135090.21,326444602.4,133164606.29,91150.8,421774.82,22751126.4,16780743.51,0.74,0.41,2021.DEC.Monthly.Auction,6569
12/01/2021,BUY,OBL,9064768,203847.1,-3288039.46,51440532.8,-781309122.79,68146.7,75583.17,16923373.6,15344672.29,0.91,-15.19,2021.DEC.Monthly.Auction,6569
12/01/2021,SELL,OPT,7923312,139799.7,60916.9,35177973.6,41806981.14,64031.4,38115.66,16137163.2,13884938.75,0.86,1.19,2021.DEC.Monthly.Auction,6569
12/01/2021,SELL,OBL,1237752,11006.8,13929.17,2733082.4,6468164.48,4123.9,3573.63,1021119.2,970527.08,0.95,2.37,2021.DEC.Monthly.Auction,6569
01/01/2022,SELL,OBL,1235176,11340.6,11359.12,2813419.2,5088794.66,2860.2,2279.23,737208.0,653474.77,0.89,1.81,2022.JAN.Monthly.Auction,6610
01/01/2022,BUY,OBL,9352448,192591.9,-2365991.39,48313046.4,-573551407.66,54706.0,67091.95,13527690.4,10418556.63,0.77,-11.87,2022.JAN.Monthly.Auction,6610
01/01/2022,BUY,OPT,35595720,1821502.9,112691.4,453325554.4,141643848.65,85348.3,444923.0,21184928.8,15111374.46,0.71,0.31,2022.JAN.Monthly.Auction,6610
01/01/2022,SELL,OPT,9131048,130280.1,77545.72,32471376.0,41544599.49,50363.9,44050.38,12513699.2,10804332.68,0.86,1.28,2022.JAN.Monthly.Auction,6610
02/01/2022,SELL,OPT,8009696,133738.3,63608.76,29971174.4,33636360.51,55531.6,37663.98,12362393.6,8718009.39,0.71,1.12,2022.FEB.Monthly.Auction,6669
02/01/2022,BUY,OBL,8781920,189924.6,-2363349.35,42585830.4,-521970023.52,60278.0,70096.02,13551980.8,8198300.0,0.6,-12.26,2022.FEB.Monthly.Auction,6669
02/01/2022,SELL,OBL,1165216,12482.2,16493.93,2802905.6,3998847.04,4130.2,2876.54,950729.6,140119.38,0.15,1.43,2022.FEB.Monthly.Auction,6669
02/01/2022,BUY,OPT,35555456,2167201.9,137931.7,482396316.8,139073571.49,103954.6,483635.11,23036681.6,14872202.23,0.65,0.29,2022.FEB.Monthly.Auction,6669
03/01/2022,BUY,OPT,42293500,1886263.1,169864.37,465089745.0,172155874.49,86240.2,599840.6,21332453.6,15757880.34,0.74,0.37,2022.MAR.Monthly.Auction,6691
03/01/2022,SELL,OPT,8561693,133030.6,69383.84,32999762.9,37140021.13,60588.0,42121.18,14952182.4,14674055.57,0.98,1.13,2022.MAR.Monthly.Auction,6691
03/01/2022,BUY,OBL,9871131,199075.7,-2752034.56,49496151.6,-657014832.33,52085.6,118678.71,12426585.8,9546591.7,0.77,-13.27,2022.MAR.Monthly.Auction,6691
03/01/2022,SELL,OBL,1214692,11210.7,14155.01,2808405.1,5395969.78,3247.0,3901.84,833424.6,1025178.32,1.23,1.92,2022.MAR.Monthly.Auction,6691
04/01/2022,SELL,OBL,1188096,11706.0,14638.93,2779488.0,5791272.0,4184.7,4832.14,985627.2,1718245.38,1.74,2.08,2022.APR.Monthly.Auction,6729
04/01/2022,SELL,OPT,8186784,130880.5,73688.39,31632254.4,39463147.44,63316.7,55291.53,15195988.8,17923530.53,1.18,1.25,2022.APR.Monthly.Auction,6729
04/01/2022,BUY,OBL,11501472,231836.4,-2853607.66,56437392.0,-642496448.26,52182.2,154561.97,12369792.0,11403124.69,0.92,-11.38,2022.APR.Monthly.Auction,6729
04/01/2022,BUY,OPT,41410272,1960473.1,192419.77,464549937.6,204661517.23,101454.1,843963.3,24557889.6,19746924.04,0.8,0.44,2022.APR.Monthly.Auction,6729
05/01/2022,SELL,OBL,1150152,10544.8,20034.73,2579945.6,6827376.54,3236.8,7069.08,793072.8,1722948.03,2.17,2.65,2022.MAY.Monthly.Auction,6769
05/01/2022,SELL,OPT,7337040,119814.3,87341.95,29814873.6,41311483.7,64580.5,56629.74,16112456.0,22773645.11,1.41,1.39,2022.MAY.Monthly.Auction,6769
05/01/2022,BUY,OBL,13817624,223213.1,-3448456.67,55968651.2,-1293715994.13,58356.3,140936.6,14255398.4,22605484.62,1.59,-23.12,2022.MAY.Monthly.Auction,6769
05/01/2022,BUY,OPT,49123872,2166595.5,273476.61,533041955.2,258807696.37,98954.2,1084543.63,24535625.6,21659747.54,0.88,0.49,2022.MAY.Monthly.Auction,6769
6/1/2022,BUY,OPT,41797824,1839952.3,255984.44,435404875.2,243967518.42,73777.1,1142481.54,17741851.2,23181162.9,1.31,0.56,2022.JUN.Monthly.Auction,6810
6/1/2022,SELL,OBL,1118672,9369.2,24309.27,2235537.6,7006366.37,2898.5,8154.42,665568.0,153734.35,0.23,3.13,2022.JUN.Monthly.Auction,6810
6/1/2022,SELL,OPT,7449984,116813.8,99076.69,28092824.0,47640887.01,60927.9,63854.19,14610286.4,18102748.52,1.24,1.7,2022.JUN.Monthly.Auction,6810
6/1/2022,BUY,OBL,10526896,207970.4,-2576253.74,50675179.2,-551418348.99,76267.2,157026.7,18102707.2,38375498.55,2.12,-10.88,2022.JUN.Monthly.Auction,6810
07/01/2022,SELL,OBL,1199344,7327.6,17361.77,1805451.2,1987459.4,1564.3,3610.96,404268.8,-337786.43,-0.84,1.1,2022.JUL.Monthly.Auction,6869
07/01/2022,BUY,OBL,10721096,185395.3,-3080486.87,46489126.4,-705539334.22,56089.8,87048.82,13889570.4,23996248.71,1.73,-15.18,2022.JUL.Monthly.Auction,6869
07/01/2022,SELL,OPT,6882296,105935.4,80490.34,26395466.4,43467509.8,44603.2,50334.34,11005124.0,10561113.79,0.96,1.65,2022.JUL.Monthly.Auction,6869
07/01/2022,BUY,OPT,42723864,1755467.4,295636.75,434839336.8,223110682.12,83741.2,1080011.41,20543127.2,21007750.72,1.02,0.51,2022.JUL.Monthly.Auction,6869
08/01/2022,SELL,OBL,1194576,7975.8,6985.4,1970498.4,2197642.45,2305.9,4685.41,622899.2,-41564.45,-0.07,1.12,2022.AUG.Monthly.Auction,6891
08/01/2022,SELL,OPT,6848680,113510.4,63608.31,28170283.2,36699054.96,41095.5,41216.78,10118244.0,9914625.36,0.98,1.3,2022.AUG.Monthly.Auction,6891
08/01/2022,BUY,OPT,39878752,1855004.7,240114.01,461538741.6,188997505.1,78155.6,813552.31,19139324.8,16266005.3,0.85,0.41,2022.AUG.Monthly.Auction,6891
08/01/2022,BUY,OBL,12300064,225592.8,-3129304.66,56037206.4,-885459171.47,61358.7,130393.49,15198033.6,16919910.51,1.11,-15.8,2022.AUG.Monthly.Auction,6891
09/01/2022,BUY,OPT,49169856,2601026.0,214513.02,633399878.4,235928488.61,96181.2,962955.06,22933795.2,20242015.92,0.88,0.37,2022.SEP.Monthly.Auction,6969
09/01/2022,SELL,OPT,7020144,120931.9,67872.51,29267083.2,48085485.22,59904.2,58032.19,14572780.8,23358811.46,1.6,1.64,2022.SEP.Monthly.Auction,6969
09/01/2022,BUY,OBL,12180000,232289.3,-3971363.98,55963704.0,-1261085050.8,58821.0,156638.27,13927718.4,19657908.15,1.41,-22.53,2022.SEP.Monthly.Auction,6969
09/01/2022,SELL,OBL,1168656,7774.6,26892.17,1860460.8,8207248.9,2154.4,13699.94,542947.2,1066875.42,1.96,4.41,2022.SEP.Monthly.Auction,6969
10/01/2022,SELL,OPT,8305976,126149.9,124900.9,31643326.4,64066800.34,57523.4,79839.29,14470535.2,25538163.19,1.76,2.02,2022.OCT.Monthly.Auction,7009
10/01/2022,SELL,OBL,1428624,10260.9,16396.4,2512116.8,6738106.18,4153.9,10546.34,998311.2,1727179.26,1.73,2.68,2022.OCT.Monthly.Auction,7009
10/01/2022,BUY,OBL,12003152,201771.8,-3221138.0,50555623.2,-865881232.43,57074.3,156815.32,14063320.0,15842058.25,1.13,-17.13,2022.OCT.Monthly.Auction,7009
10/01/2022,BUY,OPT,56411144,2794303.1,262618.2,694961272.8,242645319.42,105081.7,1105541.3,26182203.2,27018869.39,1.03,0.35,2022.OCT.Monthly.Auction,7009
11/01/2022,BUY,OPT,53608877,2574224.1,208096.7,627323309.7,185457116.49,100158.7,767863.05,24043647.5,22189150.99,0.92,0.3,2022.NOV.Monthly.Auction,7070
11/01/2022,BUY,OBL,10045447,175789.5,-2829537.2,42943779.8,-736791196.72,45603.8,88973.25,11185952.6,10852344.73,0.97,-17.16,2022.NOV.Monthly.Auction,7070
11/01/2022,SELL,OBL,1263719,17614.0,14187.94,4174412.2,15258113.39,5030.6,3685.63,1244458.2,918779.51,0.74,3.66,2022.NOV.Monthly.Auction,7070
11/01/2022,SELL,OPT,8373569,129130.7,83709.85,31205858.0,49997687.42,57928.0,58866.0,13848885.8,18042108.15,1.3,1.6,2022.NOV.Monthly.Auction,7070
12/01/2022,SELL,OBL,1349936,14352.3,12541.5,3511111.2,11224146.04,4168.8,7335.57,1047370.4,703565.29,0.67,3.2,2022.DEC.Monthly.Auction,7090
12/01/2022,SELL,OPT,8450104,131137.1,82247.11,32813052.0,50396664.83,52968.1,49637.82,13244830.4,11218401.0,0.85,1.54,2022.DEC.Monthly.Auction,7090
12/01/2022,BUY,OBL,13904808,195938.4,-3118363.49,48880404.0,-833022127.06,50886.2,103903.01,12577608.0,9810611.2,0.78,-17.04,2022.DEC.Monthly.Auction,7090
12/01/2022,BUY,OPT,52591832,2365628.0,184774.02,598312608.8,182122768.46,119080.5,629746.24,29350666.4,18877499.52,0.64,0.3,2022.DEC.Monthly.Auction,7090
01/01/2023,BUY,OBL,14244336,194642.8,-2902279.89,48700282.4,-814263972.54,60184.0,116318.47,15000212.0,12246050.33,0.82,-16.72,2023.JAN.Monthly.Auction,7149
01/01/2023,BUY,OPT,59656128,2612978.9,245346.16,648803032.0,199542059.11,127383.4,722052.45,31563099.2,20596130.62,0.65,0.31,2023.JAN.Monthly.Auction,7149
01/01/2023,SELL,OBL,1172856,8175.1,17119.78,2027363.2,7322205.31,1455.1,12602.54,355461.6,789395.43,2.22,3.61,2023.JAN.Monthly.Auction,7149
01/01/2023,SELL,OPT,10370416,156953.3,113989.56,39082149.6,57781447.77,65509.0,64900.83,16242791.2,15546153.23,0.96,1.48,2023.JAN.Monthly.Auction,7149
02/01/2023,SELL,OBL,1675424,11006.9,45405.21,2451731.2,13755867.68,1983.2,25389.87,447174.4,786620.48,1.76,5.61,2023.FEB.Monthly.Auction,7189
02/01/2023,SELL,OPT,8987008,159865.5,92389.0,35786044.8,54439557.98,71605.5,64081.89,15884323.2,17012142.52,1.07,1.52,2023.FEB.Monthly.Auction,7189
02/01/2023,BUY,OPT,55424736,3572970.4,257079.33,817229244.8,216046607.1,133206.8,754500.16,29708828.8,22699839.33,0.76,0.26,2023.FEB.Monthly.Auction,7189
02/01/2023,BUY,OBL,12790528,193792.2,-2916066.45,43319462.4,-747184147.55,64685.6,94741.26,14353974.4,14004314.57,0.98,-17.25,2023.FEB.Monthly.Auction,7189
03/01/2023,BUY,OBL,15867086,220076.8,-3590057.71,54851985.8,-975974995.51,63876.7,116304.65,15692729.7,14760736.59,0.94,-17.79,2023.MAR.Monthly.Auction,7230
03/01/2023,BUY,OPT,69917781,3025027.1,250319.05,765227739.4,227112339.27,142621.7,827416.09,34913572.5,22586947.26,0.65,0.3,2023.MAR.Monthly.Auction,7230
03/01/2023,SELL,OBL,1442422,17941.0,23187.72,4425059.2,16281081.37,5299.2,12612.19,1280050.1,865123.65,0.68,3.68,2023.MAR.Monthly.Auction,7230
03/01/2023,SELL,OPT,10320053,157365.3,104633.16,39139695.8,55959876.01,66064.0,68281.56,16415350.2,20330397.74,1.24,1.43,2023.MAR.Monthly.Auction,7230
04/01/2023,SELL,OBL,1600240,20903.2,24067.29,5004024.0,20864436.48,4207.4,14727.83,998344.0,999535.91,1.0,4.17,2023.APR.Monthly.Auction,7270
04/01/2023,SELL,OPT,9184800,145370.3,99408.26,35033624.0,67978687.44,63186.4,75697.34,15248568.0,25162486.22,1.65,1.94,2023.APR.Monthly.Auction,7270
04/01/2023,BUY,OBL,15319840,263066.3,-3181768.23,63312840.0,-810110877.28,64594.5,176337.54,15519224.0,19668465.25,1.27,-12.8,2023.APR.Monthly.Auction,7270
04/01/2023,BUY,OPT,61897040,3034459.0,344444.25,735442456.0,277995582.48,161113.7,1085560.25,38668920.0,29217011.25,0.76,0.38,2023.APR.Monthly.Auction,7270
05/01/2023,BUY,OPT,64668128,3663222.6,276636.49,921364368.0,281019245.28,147558.4,929347.79,37259168.0,29496455.35,0.79,0.31,2023.MAY.Monthly.Auction,7290
05/01/2023,SELL,OBL,1400008,16251.5,27390.94,3943303.2,17899862.23,3526.2,17353.6,871596.0,907752.54,1.04,4.54,2023.MAY.Monthly.Auction,7290
05/01/2023,SELL,OPT,9816576,128012.1,106977.37,31955978.4,61377420.43,59365.2,77637.85,14764731.2,25152890.83,1.7,1.92,2023.MAY.Monthly.Auction,7290
05/01/2023,BUY,OBL,14118592,248441.2,-3016815.42,61805318.4,-728841001.27,76664.4,159734.48,18906597.6,20330556.83,1.08,-11.79,2023.MAY.Monthly.Auction,7290
06/01/2023,BUY,OBL,19052240,315098.4,-2852950.47,75553772.8,-699323930.4,88999.1,172519.15,21268672.0,20705906.1,0.97,-9.26,2023.JUN.Monthly.Auction,7313
06/01/2023,SELL,OBL,1275952,11189.3,16388.5,2656995.2,8581510.67,3712.9,9418.47,903740.8,954983.43,1.06,3.23,2023.JUN.Monthly.Auction,7313
06/01/2023,SELL,OPT,8257072,115495.3,69766.74,28236289.6,37197335.66,47351.8,54090.31,11567107.2,14494606.19,1.25,1.32,2023.JUN.Monthly.Auction,7313
06/01/2023,BUY,OPT,48940288,2619251.3,219207.2,620209156.8,207037694.51,147937.3,761718.93,35511716.8,24227721.89,0.68,0.33,2023.JUN.Monthly.Auction,7313
07/01/2023,SELL,OBL,1578200,12796.3,14627.39,3166520.0,11956774.94,2530.6,5665.54,608120.0,975263.47,1.6,3.78,2023.JUL.Monthly.Auction,7350
07/01/2023,BUY,OBL,25518840,338935.8,-3245611.59,83428965.6,-796053144.1,84321.3,146321.77,20805914.4,12952787.58,0.62,-9.54,2023.JUL.Monthly.Auction,7350
07/01/2023,SELL,OPT,11281912,130807.7,69896.33,32903255.2,33231025.44,45440.1,49078.47,11327025.6,8304882.16,0.73,1.01,2023.JUL.Monthly.Auction,7350
07/01/2023,BUY,OPT,38725488,2217174.3,123864.94,550184364.0,150935395.33,111534.1,540280.43,27722139.2,14169412.41,0.51,0.27,2023.JUL.Monthly.Auction,7350
08/01/2023,BUY,OBL,20466160,316050.3,-3047922.16,77296670.4,-733386833.44,82676.1,138853.57,20454544.8,15265564.85,0.75,-9.49,2023.AUG.Monthly.Auction,7409
08/01/2023,SELL,OPT,11213768,132904.6,139594.02,33558720.8,39596560.18,52350.5,45836.71,13143724.0,11695209.41,0.89,1.18,2023.AUG.Monthly.Auction,7409
08/01/2023,BUY,OPT,46572664,2946140.7,132491.49,731099553.6,176328200.93,116373.4,546708.77,28747719.2,16268784.01,0.57,0.24,2023.AUG.Monthly.Auction,7409
08/01/2023,SELL,OBL,1535376,11384.5,17591.57,2831120.0,13731244.11,3086.6,6477.59,757700.8,1065784.98,1.41,4.85,2023.AUG.Monthly.Auction,7409
10/01/2023,BUY,OBL,18260392,284560.6,-3279364.2,70750782.4,-763447843.54,81859.8,187211.97,20023061.6,15599826.03,0.78,-10.79,2023.OCT.Monthly.Auction,7490
10/01/2023,SELL,OPT,12434192,141654.0,117997.32,35723772.0,61951067.78,60886.8,94003.26,15345772.0,21602057.97,1.41,1.73,2023.OCT.Monthly.Auction,7490
10/01/2023,SELL,OBL,1917496,12960.7,27167.73,3260138.4,15540468.33,3402.8,18459.69,858527.2,1728504.3,2.01,4.77,2023.OCT.Monthly.Auction,7490
10/01/2023,BUY,OPT,62740456,3262102.6,287381.99,822028235.2,282484836.79,130650.7,1061239.89,32459842.4,28485978.56,0.88,0.34,2023.OCT.Monthly.Auction,7490
11/01/2023,SELL,OBL,1944839,12183.2,22794.54,2975818.6,11144016.87,3555.7,18087.82,826459.7,2636910.51,3.19,3.74,2023.NOV.Monthly.Auction,7529
11/01/2023,SELL,OPT,13339604,151091.6,104327.29,36749420.8,46610773.35,64333.5,87233.24,15654593.1,22155288.68,1.42,1.27,2023.NOV.Monthly.Auction,7529
11/01/2023,BUY,OPT,56074076,2928095.6,226226.22,713235378.6,230518877.32,162251.5,881931.77,39211754.2,25338496.17,0.65,0.32,2023.NOV.Monthly.Auction,7529
11/01/2023,BUY,OBL,20222271,311120.5,-2772284.77,75079920.9,-649598702.95,74170.7,154069.69,17835938.8,16771250.72,0.94,-8.65,2023.NOV.Monthly.Auction,7529
12/01/2023,BUY,OPT,53253808,2795419.1,192632.46,696023156.8,215284798.26,168482.6,697025.56,42013739.2,22579823.42,0.54,0.31,2023.DEC.Monthly.Auction,7569
12/01/2023,BUY,OBL,19294120,293638.8,38258.4,73136385.6,43008422.31,80330.4,166047.95,19985644.8,16405580.69,0.82,0.59,2023.DEC.Monthly.Auction,7569
12/01/2023,SELL,OPT,13795432,165872.9,97663.39,41501202.4,48761886.65,70910.5,74494.28,17757696.8,17190905.14,0.97,1.17,2023.DEC.Monthly.Auction,7569
12/01/2023,SELL,OBL,1898664,15414.3,21707.29,3869683.2,15742032.61,3959.5,15631.03,974972.0,2219225.05,2.28,4.07,2023.DEC.Monthly.Auction,7569
01/01/2024,SELL,OPT,13808768,184234.3,87644.01,46334563.2,51318147.06,71034.0,57679.16,17942596.8,22631785.03,1.26,1.11,2024.JAN.Monthly.Auction,7590
01/01/2024,BUY,OBL,19429792,277482.1,91131.68,68452372.0,73421087.24,68265.1,253768.99,16932334.4,17544559.9,1.04,1.07,2024.JAN.Monthly.Auction,7590
01/01/2024,SELL,OBL,2375328,13773.2,15108.21,3472485.6,7805530.9,2487.9,3955.77,616032.0,358773.51,0.58,2.25,2024.JAN.Monthly.Auction,7590
01/01/2024,BUY,OPT,55605568,3340449.4,245490.37,899500236.0,264642087.67,170179.9,803380.58,42183440.8,26555924.64,0.63,0.29,2024.JAN.Monthly.Auction,7590
02/01/2024,BUY,OBL,20801520,300753.4,33697.31,69697953.6,62454603.79,79926.7,253373.53,18648866.4,18833673.85,1.01,0.9,2024.FEB.Monthly.Auction,7629
02/01/2024,SELL,OBL,2297664,15587.8,-68822.58,3650512.8,-7425825.66,3797.9,1493.44,901039.2,695540.79,0.77,-2.03,2024.FEB.Monthly.Auction,7629
02/01/2024,BUY,OPT,43893176,2512288.0,216444.39,580675604.0,215990075.43,150576.1,683399.41,35003709.6,21338349.01,0.61,0.37,2024.FEB.Monthly.Auction,7629
02/01/2024,SELL,OPT,13244832,183576.9,76408.1,43187019.2,41191711.76,75928.1,56647.05,17759151.2,13992515.38,0.79,0.95,2024.FEB.Monthly.Auction,7629
03/01/2024,SELL,OPT,14386777,169734.1,113824.83,42425352.8,42012476.38,76531.6,63578.43,19159262.6,16383172.04,0.86,0.99,2024.MAR.Monthly.Auction,7651
03/01/2024,BUY,OPT,61463516,3229808.7,302857.83,829839580.5,269695017.72,185986.2,878038.12,46065142.3,31293268.07,0.68,0.32,2024.MAR.Monthly.Auction,7651
03/01/2024,SELL,OBL,2372511,17197.4,14215.37,4296931.4,7789064.46,5819.3,8744.92,1449187.9,2639215.6,1.82,1.81,2024.MAR.Monthly.Auction,7651
03/01/2024,BUY,OBL,23184757,327055.1,-470.7,80623472.7,8445774.38,88713.9,212217.53,22024595.7,16043788.14,0.73,0.1,2024.MAR.Monthly.Auction,7651
04/01/2024,SELL,OBL,1987824,19886.0,14238.28,4708945.6,11423842.82,5114.9,8357.33,1086075.2,1260789.73,1.16,2.43,2024.APR.Monthly.Auction,7689
04/01/2024,BUY,OBL,16289344,268351.5,18985.44,64674414.4,81770063.3,76395.4,142293.46,18368193.6,22035563.9,1.2,1.26,2024.APR.Monthly.Auction,7689
04/01/2024,BUY,OPT,67527072,5293342.8,343463.92,1263160161.6,313242817.58,164611.0,1154401.97,39592398.4,25497222.43,0.64,0.25,2024.APR.Monthly.Auction,7689
04/01/2024,SELL,OPT,11074080,148473.0,78508.49,35977505.6,39945902.8,71167.1,62815.48,17293878.4,18972833.94,1.1,1.11,2024.APR.Monthly.Auction,7689
05/01/2024,SELL,OPT,13237416,157327.2,86179.27,39422007.2,39741344.55,68891.2,66406.07,17168540.0,16556545.72,0.96,1.01,2024.MAY.Monthly.Auction,7710
05/01/2024,BUY,OBL,21155256,305590.0,-32520.29,76177464.0,53607964.58,78671.8,181759.1,19556501.6,19492181.15,1.0,0.7,2024.MAY.Monthly.Auction,7710
05/01/2024,BUY,OPT,65749408,5124805.6,284099.98,1268144392.0,312277907.38,187977.7,954242.02,45880319.2,27153822.88,0.59,0.25,2024.MAY.Monthly.Auction,7710
05/01/2024,SELL,OBL,2074120,19066.5,27496.46,4732932.8,10474811.26,7653.5,12303.97,1896320.8,921576.75,0.49,2.21,2024.MAY.Monthly.Auction,7710
06/01/2024,BUY,OPT,57081760,5474494.6,273026.58,1314836232.0,305233868.32,165701.4,1082380.01,40147232.0,28783187.31,0.72,0.23,2024.JUN.Monthly.Auction,7750
06/01/2024,SELL,OBL,2069760,16578.1,33350.51,3979776.0,18564590.4,5937.5,12699.0,1406776.0,2171582.4,1.54,4.66,2024.JUN.Monthly.Auction,7750
06/01/2024,SELL,OPT,11422080,148259.1,76141.73,35628424.0,35756231.68,67762.7,62657.29,16312280.0,15740017.54,0.96,1.0,2024.JUN.Monthly.Auction,7750
06/01/2024,BUY,OBL,22710560,354634.9,-28526.22,85553712.0,28781402.96,97024.7,237330.3,23464712.0,19271487.14,0.82,0.34,2024.JUN.Monthly.Auction,7750
07/01/2024,BUY,OPT,59558280,3784470.3,273337.31,943191100.8,303325400.04,158440.8,1184398.14,39336572.0,36248903.1,0.92,0.32,2024.JUL.Monthly.Auction,7789
07/01/2024,SELL,OPT,12138040,179227.1,86098.61,45266384.8,45364272.23,84873.9,59458.92,21947651.2,14802789.35,0.67,1.0,2024.JUL.Monthly.Auction,7789
07/01/2024,BUY,OBL,22917504,371772.3,-57668.39,92666459.2,11703734.7,98152.4,156247.93,24257087.2,13011243.75,0.54,0.13,2024.JUL.Monthly.Auction,7789
07/01/2024,SELL,OBL,1957192,13810.1,19084.06,3444633.6,18004641.86,2670.1,5587.37,640875.2,1778009.18,2.77,5.23,2024.JUL.Monthly.Auction,7789
8/1/2024,SELL,OBL,2015416,16552.4,14385.41,4117173.6,11433181.22,4825.2,6878.6,1218562.4,2683373.2,2.2,2.78,2024.AUG.Monthly.Auction,7832
8/1/2024,BUY,OBL,24669920,383532.6,-70738.99,95686753.6,13221241.73,103343.5,115980.24,25611757.6,12641207.35,0.49,0.14,2024.AUG.Monthly.Auction,7832
8/1/2024,BUY,OPT,55564056,3064149.9,246042.74,761451765.6,270970451.39,129939.9,1031048.86,31935195.2,32044872.42,1.0,0.36,2024.AUG.Monthly.Auction,7832
8/1/2024,SELL,OPT,12265960,177443.1,85822.97,44682741.6,47437405.81,83016.4,57861.33,21206388.8,15585554.54,0.73,1.06,2024.AUG.Monthly.Auction,7832
